lambda_micron,f_nu_mJy_z0.05_m10.0,f_nu_mJy_z0.05_m10.5,f_nu_mJy_z0.05_m11.0,f_nu_mJy_z0.1_m10.0,f_nu_mJy_z0.1_m10.5,f_nu_mJy_z0.1_m11.0,f_nu_mJy_z0.15_m10.0,f_nu_mJy_z0.15_m10.5,f_nu_mJy_z0.15_m11.0,f_nu_mJy_z0.2_m10.0,f_nu_mJy_z0.2_m10.5,f_nu_mJy_z0.2_m11.0
0.75,1.0036057075871032,3.271046158445878,6.394833077600417,0.3378785966956669,0.7314632306054488,1.5667271272069887,0.24989738193368904,0.34128296143697445,0.6473108311420235,0.22146948430922558,0.27611687803803175,0.292373827655584
0.7542542542542543,1.012595437869487,3.2844426962195787,6.443490552770733,0.3316846312267508,0.731823738158445,1.5759980694489863,0.3719065046932458,0.5945407684626094,0.6971869101928331,0.2277608578674188,0.27485992908049095,0.31364759617609683
0.7585085085085085,1.0165646268785564,3.25283941897783,6.675267354076041,0.3381537641243022,0.7466428953100088,1.6127399761264374,0.25761885944998136,0.44900425751240924,0.6852758975177693,0.2346961716623861,0.29317713087626024,0.31262904315191714
0.7627627627627628,1.0466436809116664,3.372581233990216,6.923424352206715,0.34072165486760764,0.7616579653903583,1.6432423367571847,0.25441246867316936,0.3487775797346771,0.6485973099245381,0.24734338482831925,0.29969114629954907,0.3129841708092682
0.767017017017017,1.0497038924201174,3.39211338614561,7.1194333687762095,0.3456616108790363,0.7776796653903981,1.655684484792181,0.25502537899402977,0.3490148660413118,0.6468397807574167,0.22542795650762276,0.28722438577475495,0.3268915550985072
0.7712712712712713,1.0867669125267132,3.478775312939951,7.308201345161137,0.3482100729597041,0.7835031866869615,1.679669731038627,0.25657867766259307,0.34727984951939433,0.6548707191911252,0.22572609334126653,0.29797206922316444,0.3337911706251222
0.7755255255255256,1.104015004738997,3.5003537650775236,7.622611347500228,0.3535791422839032,0.804247218881976,1.7181815133142595,0.25773835318358934,0.3503950402365451,0.6662736603108874,0.23599478317783518,0.28877632403992426,0.34273699922416967
0.7797797797797797,1.113562929899218,3.539437293414254,7.76476196382543,0.3481575501163549,0.7654817836493467,1.6747385958031145,0.2581505189868174,0.35394648704282733,0.6543139628219453,0.2764608666540309,0.28769225835255274,0.32597057730443735
0.784034034034034,1.1361813345946974,3.6013677288964074,7.935357358706304,0.34644003667192225,0.7367483797530129,1.6022511359831382,0.2610105896365441,0.36193025440173743,0.676796806069094,0.2984114091770172,0.2989599022075344,0.35510697098496247
0.7882882882882883,1.143828238982838,3.6659621974844763,8.191219181252624,0.3428989312095235,0.7500012757042108,1.5994878414578573,0.2581399191585676,0.35790832505178477,0.6754258204890409,0.31866337481704,0.33969066287494176,0.5122395860027629
0.7925425425425425,1.1687559493186839,3.762652413775381,8.235940635229781,0.3446978638469109,0.73942186846475,1.5846395960650574,0.2618895446173599,0.36427751843993417,0.6904310077253278,0.25814523223837116,0.3062934915693887,0.3462097484642701
0.7967967967967968,1.173467401528675,3.7439806683677626,8.505548836973787,0.3598647202787365,0.7882248036480682,1.6963618892068792,0.26302422088183824,0.36740309793312553,0.6982695262035843,0.2425126631043125,0.32095936430469096,0.35116447603880485
0.801051051051051,1.1689048037867944,3.7299282803377762,8.17372048039738,0.35905694420286793,0.797679969537481,1.7091826670405381,0.2655685210263202,0.3728392702352915,0.7036151272658133,0.24750712706189448,0.30208931247992954,0.3477338887819167
0.8053053053053053,1.1494806568277303,3.685407580257447,7.8411255155546336,0.3709659142708892,0.8171168699823117,1.7595067286990618,0.26564066089355354,0.37648445582118795,0.7134506265824079,0.2553168455925442,0.3001716440458824,0.35076664498132704
0.8095595595595596,1.14684973630952,3.6457429224376714,7.640841977500694,0.3753410460777469,0.8495325716290472,1.8408756059582845,0.26685555790239573,0.38216303180523714,0.7283394520141047,0.25349423911733854,0.3132232312343096,0.3468664071507581
0.8138138138138138,1.1571581596795442,3.699868060596886,7.809084123739634,0.37388517782289477,0.860904903612138,1.8770768977833057,0.26514735374473697,0.37587601161083994,0.7175483604035714,0.255033174538128,0.31612867405872347,0.35008979884604463
0.8180680680680681,1.1615998368515081,3.732555717872148,8.00529331578361,0.3759971813216179,0.8935197944539487,1.9165666660246008,0.26341940126544616,0.36955811451334963,0.7060951431015051,0.2554108332053125,0.31810234622702094,0.3640732881044721
0.8223223223223224,1.185848830639661,3.7804502057784504,8.049969845337868,0.38626917983179615,0.8878183131024716,1.9782516243814086,0.26089736139924957,0.36848988524477044,0.7036989432561137,0.2548828136498998,0.3192408969797558,0.3657464016912607
0.8265765765765766,1.1784163143966073,3.818425483644047,8.08008341825122,0.3915238786704933,0.9079100931870614,2.0159183437674995,0.2585721484430572,0.36884860744008086,0.6919885125338663,0.26228018022988697,0.3179953798923254,0.3648662703535118
0.8308308308308309,1.1680136519879367,3.777841467445029,8.061266225159665,0.39642830035953897,0.932589913797524,2.0864474095624965,0.26929090238375575,0.3814099380087222,0.722592435990181,0.2643513141544951,0.32349087922896785,0.37371702369124643
0.835085085085085,1.1703066242365088,3.7592185607236193,8.164986970575978,0.3909457415830311,0.928599320710249,2.098404754372888,0.2720850700914431,0.38954078570082135,0.7386207113024066,0.2657381885664938,0.32799479442396406,0.38431190312148283
0.8393393393393394,1.2049618256432388,3.839205674221808,8.391371315607284,0.38991709546939723,0.9070071517152334,2.0276479326799883,0.27260218463980435,0.39015555076668573,0.7458192696144395,0.2680589181637016,0.32757249180001696,0.38229544740195887
0.8435935935935936,1.2281796705657366,3.935734096128975,8.675758916738229,0.3880505973261277,0.8883488882609067,1.938488144069843,0.27929418744928197,0.4030519071508163,0.776066299527811,0.26752835155863486,0.3307517367933912,0.3922379062756358
0.8478478478478478,1.2282838293504033,3.9326214811046993,8.826698599517357,0.3877934804902916,0.8937617068467247,1.9394069902893654,0.27956456585113254,0.41402786021939963,0.7888469565566881,0.2637931405668722,0.32784626702384334,0.3851466722172141
0.8521021021021021,1.230652028927594,3.9522569202655125,9.033305387671401,0.39094632136287377,0.8901703607921561,1.9268363980105208,0.2800217452278613,0.4151110724129674,0.7854906700885939,0.26057548658214635,0.32647580402132315,0.37480153873075617
0.8563563563563563,1.2666823016879296,4.096251425042018,9.187069067058061,0.3943839306761371,0.9011591235896683,1.9595187849212088,0.28659445819694673,0.42344182067558206,0.809086415210521,0.2550051191022086,0.3259309079689614,0.3779078834076811
0.8606106106106106,1.2616221427985503,4.066649165471636,9.261958849587634,0.3964009375312979,0.9177907930574941,1.9744863040430662,0.28684221670088533,0.43066181108432344,0.8162780618515781,0.2583857782705988,0.3280561551915464,0.38144691085075844
0.8648648648648649,1.2665930924795339,4.086308952296227,9.112126463433324,0.39717466755746555,0.9222297808216379,2.013956855562158,0.2887069181753561,0.43620298915627964,0.8294097337675624,0.2647889044372964,0.32601051719549995,0.374604507701086
0.8691191191191191,1.282062903099109,4.129893259661879,9.381338786730158,0.39719814151779154,0.9236924073429424,2.0172927034171866,0.2912473739718906,0.44683583251055803,0.8460295798325789,0.2654013469878246,0.33670020240375875,0.3923218924867797
0.8733733733733734,1.272832407374355,4.084983959000354,9.381232684798828,0.39511110506545055,0.9079604650278856,1.9746260846280164,0.2887040591171893,0.44242527051187286,0.836130289955157,0.2722943411977041,0.33827720737792033,0.4035134511198276
0.8776276276276276,1.2694008620878126,4.079281017598305,9.310307157199732,0.3964460163196725,0.9329212149165013,2.038645762818241,0.2918895651312069,0.435567278111026,0.831185986558519,0.28096673162688496,0.3421539298996148,0.40858516631139696
0.8818818818818819,1.275478656448263,4.116544549105944,9.346599042600175,0.4055293065158422,0.9553289944259129,2.1119654444833937,0.2845222586103995,0.4115288049617051,0.8022306502433422,0.2844999946409739,0.3527784728285891,0.4315295321505567
0.8861361361361362,1.2779429317655364,4.144341463597135,9.04634340186227,0.4159702592502286,0.9691022783610801,2.1249387608162476,0.2850233545932188,0.41745892808497914,0.8062432537210812,0.29259694561311345,0.35375795841321267,0.43233857834045064
0.8903903903903904,1.267533897966798,4.110427343176259,8.869670595470286,0.40771694480477416,0.9729197094216886,2.1683120583099136,0.2860131934323698,0.4327059188462223,0.8212200640867313,0.28764065269427225,0.3578657354432279,0.43857524472030823
0.8946446446446447,1.2722525430905423,4.1322228440560735,8.852144965152844,0.4168113466457739,0.9958083628998148,2.219395747385918,0.2901475304927176,0.42905270095456827,0.8185494776741258,0.29399982688131565,0.36201432737521866,0.45730491367439063
0.8988988988988988,1.2055799337451782,4.096299043497901,8.891821745379351,0.41200513438192765,1.0100819622232802,2.32971951439643,0.29513910581118885,0.4417987078660799,0.839778613184007,0.3008148984375289,0.36404062468887766,0.45623472501256
0.9031531531531531,1.3095756595407546,4.219709003021894,9.081601296932245,0.4118552855095605,0.9862351814918227,2.30447597398228,0.29625334521277824,0.4447344325136975,0.8468824458830593,0.30553361616985125,0.37103422494732824,0.4576855294645399
0.9074074074074074,1.3496086870198516,4.167467459084411,9.606913970409627,0.4187166096852668,1.014414373290108,2.2982063860412705,0.29123253490521467,0.44066459441234374,0.8472761662357172,0.3049085778228259,0.3738019535365964,0.4638729595543715
0.9116616616616617,1.182754408393442,4.122782347873827,9.27124809466071,0.4284508305818447,1.007416811050585,2.33172874139741,0.2880276505867233,0.4393658625231344,0.8335343104472559,0.30382491542437007,0.3724326975389602,0.4590432981384931
0.9159159159159159,1.3702367448284658,4.493255964274945,9.20672967911169,0.42100155857096455,1.0018403399395686,2.2755350190039665,0.2915866223096465,0.4476037906668564,0.8510369278218044,0.2976470019995363,0.37109367723418213,0.46636424254280073
0.9201701701701702,1.357445492021922,4.3155207600589085,10.160845375435375,0.42344679218270087,1.0148698820689699,2.2694637604633554,0.2980441272777228,0.4591033816529403,0.8679748302307358,0.29330740829923757,0.36562265415381867,0.4316645752354416
0.9244244244244244,1.3985781825468626,4.607896397449418,9.969716304377986,0.42149941041554295,1.0021953334369111,2.2714305213078374,0.3022783540553686,0.4595469058367573,0.8874665552537269,0.2950212193683278,0.3675263352720492,0.44901563111180703
0.9286786786786787,1.378359554188263,4.583160827452742,10.503334872361986,0.4250840326140912,1.0075973237189022,2.2377608518801613,0.3004055806716551,0.46652507030436613,0.8885961200189472,0.2935564693600771,0.37073967209625447,0.4532112291932249
0.932932932932933,1.3551626178666336,4.422538742163036,10.144416301941071,0.4254268810655787,0.9787291429691597,2.2039589964709028,0.3028478230011214,0.4707635851857484,0.8956328109788315,0.29797890741991867,0.36997856393017614,0.4535162758232915
0.9371871871871872,1.4110628416598847,4.576051804205735,10.16483026232584,0.4231170172546843,0.9949252849345318,2.1428933297135084,0.30337239693707907,0.4834384828393739,0.914396880636593,0.30419514080537796,0.3748070235830946,0.46311745932730847
0.9414414414414415,1.4170296877791988,4.640842044024811,10.217756749918639,0.4230102070698114,0.9240448766221432,2.1894968508847734,0.3017252511773051,0.4713907003324894,0.9219850174627169,0.30430373648263853,0.38041715613714133,0.4693018590238169
0.9456956956956957,1.3357902640400865,4.578610876709403,9.649934075265872,0.4356471063389986,1.0376823465351188,2.3000114106844136,0.30602067382231923,0.4809198297046902,0.9066420845497312,0.30245175813230607,0.3777433695870538,0.47321934793631093
0.94994994994995,1.4218031930347728,4.66558488061764,10.087436988647049,0.43737080993714067,1.063212540426052,2.3415472071708194,0.31534917597888446,0.4899060717218584,0.942906986081022,0.30024427320657154,0.3742616873518161,0.4599338071977375
0.9542042042042043,1.4444924493508442,4.791248744871002,10.85044930909563,0.4234583430908015,0.9385623365217917,2.3488781695940633,0.3083819258823235,0.4848799645878348,0.9226008667770466,0.30467545293849707,0.3774773172959379,0.46331143996240476
0.9584584584584585,1.462836152292882,4.845975208685623,10.391107429257826,0.4450056232229348,1.0735886029756547,2.3927729548583967,0.30795178093066433,0.4802872864219252,0.9226641603394282,0.31245760282801294,0.38454960878480143,0.4781091463392019
0.9627127127127127,1.407568314283235,4.892899469483476,10.966013682836987,0.43776044148332094,1.082672889379929,2.5094183195925686,0.30950454992070675,0.4860890516726064,0.9218051646329355,0.31220712691307,0.3878039100359796,0.48762910644678814
0.9669669669669669,1.4438371043167006,4.803454190059741,10.375748787119047,0.4500711371315617,1.11639149833645,2.5622867149238386,0.31445328326337063,0.4890821466613615,0.9298416274711132,0.31432675532928217,0.3918069350834806,0.5024864386506644
0.9712212212212212,1.4140425475165253,4.592547787982733,10.662638289385644,0.45868087022751935,1.1114265613125291,2.5757884080633797,0.30911727702846303,0.48219341132020876,0.9174364210957209,0.3173679035851645,0.3894305377030518,0.48947567026273514
0.9754754754754755,1.463430856444825,4.756420354921277,10.586259616825616,0.4456553313648056,1.0895040663907376,2.576299999093974,0.3108114328129679,0.48568901030701306,0.9291014212483037,0.31836087055351836,0.4000584116520932,0.5014962996180958
0.9797297297297297,1.4701073836046175,4.799778449318842,11.191696489014376,0.44919408433778296,1.1102796226667901,2.553636907284983,0.3069741275176643,0.4826034187534848,0.9048372805550462,0.3153430923225088,0.40365955405419596,0.5049438991833819
0.983983983983984,1.4778464035386971,4.80505301459023,11.394675279854333,0.4620815447297564,1.1141446757945477,2.589007458838598,0.3174413845886699,0.4302173264674529,0.89985644115639,0.3172437859349907,0.40026503008784053,0.5138426501175294
0.9882382382382382,1.4837988927075614,4.876595217991391,11.42972043196141,0.4528497676078406,1.1258342530273406,2.608822485201478,0.3162634292132521,0.49996691192488285,0.9486330543997092,0.3228760796864394,0.4029960789824448,0.49652164918487984
0.9924924924924925,1.484074086683814,4.893695846568825,11.587377117083559,0.4442389596021838,1.0945854774527812,2.6076426220707978,0.32048771839194085,0.5073968222800839,0.9690247900930881,0.31892386598168515,0.4124924673090765,0.5352797646536291
0.9967467467467468,1.508718132336774,4.956659218891611,11.73046766819392,0.4774217647832587,1.1786001892866795,2.7283585023925685,0.31789852225374515,0.4532955561250301,0.8959338194249247,0.32146420486904315,0.4003393405965937,0.49991833925914597
1.001001001001001,1.4976851117622045,4.949795827471592,11.868826312434216,0.4535729008743273,1.1754046813264902,2.776729803401439,0.3195159353706115,0.5090495601010112,0.9789614845088483,0.32451002592359846,0.40129128146107074,0.5203399530791969
1.0052552552552552,1.4724628813840255,4.883040847489863,11.818259316784681,0.47053790799984047,1.205137987755268,2.832609385124491,0.32389287754981777,0.5165880454493001,0.9896593638972425,0.32802014959068665,0.4052670406604141,0.5166303343096124
1.0095095095095095,1.5276454023843593,5.06614007898901,12.014084190302661,0.46705069134150956,1.2112068711722974,2.857739229535135,0.3275727846656302,0.5275500195177897,1.0131885096444255,0.32589574668275983,0.41006472639157576,0.5235506730889217
1.0137637637637638,1.5224442566827485,5.083472618403562,12.098177895900282,0.4573213708731034,1.174938875580692,2.786575152051159,0.33355973594112764,0.5264441924394598,0.9934236075291079,0.325777344093919,0.4063971528306062,0.5132424076722419
1.018018018018018,1.5357164818008182,5.131016908045497,12.155970786841063,0.45032187859875517,1.1571312094752297,2.751760931735645,0.3313995888458574,0.5281241479366235,1.0184821919804745,0.31669323709815367,0.4099229544742993,0.5098972204223959
1.0222722722722724,1.5320597722779161,5.117866896552529,12.155788977149077,0.46965568221581994,1.1777194952046446,2.771306459668784,0.32105162709289625,0.520529335453852,0.9896523825619816,0.31710926690788177,0.4033566331352638,0.4873353489060096
1.0265265265265264,1.536296395247804,5.116222056589445,12.117997012345018,0.47426968876302805,1.196722910233551,2.779573099663099,0.32940273863127584,0.5329945761686294,1.0146256619325507,0.31298836236488303,0.38732612465018207,0.48366568390756537
1.0307807807807807,1.546634962723093,5.198892163360445,12.19166819941044,0.4760408891917553,1.1988396934996703,2.792640210711267,0.332274989133281,0.5244271014376511,1.0194048031237475,0.33756623670598096,0.4161261813022732,0.5241180443121539
1.035035035035035,1.5571296103856627,5.272973752146935,12.34426364755873,0.478419840307591,1.1997279461763095,2.7983408053478858,0.32915571082092976,0.5157171839670152,0.9588704410123501,0.3087374863935214,0.4278366838302557,0.5345242485847204
1.0392892892892893,1.5603340417078613,5.219901677654976,12.421346260157259,0.4752919957027738,1.209863910222278,2.836674353157272,0.33635643443588814,0.5378066536969752,1.052359103297114,0.33504019623345493,0.39062146894881544,0.5105840054108833
1.0435435435435436,1.5668168877552686,5.299349000436247,12.470666347965675,0.4792616365305307,1.2355015790141715,2.9025601593580928,0.34296806917505573,0.5440825836431065,1.077913742381977,0.3300654273107721,0.4304706071352895,0.5311859325909609
1.0477977977977977,1.5775660679199608,5.3566111855586716,12.56766544887494,0.4745791575071897,1.2323894685106183,2.9033943302313228,0.3343729166544564,0.5521416701808324,1.0774121897363198,0.3428250102611078,0.4321736971219999,0.5432652444970357
1.0520520520520522,1.5736266655528728,5.371505693173618,12.699314910773197,0.4694804246291242,1.2174430293356149,2.9041191621089197,0.33664032844774516,0.5386142092945174,1.0705033265964583,0.33922786199812904,0.4506979079146439,0.549111212834086
1.0563063063063063,1.5680375519667646,5.376160615771186,12.707777500670982,0.4857684527358433,1.260894389009093,2.968826953509334,0.339279155386777,0.5329054884462916,1.095734402911801,0.3370871680353863,0.4521061820326142,0.5618816339720061
1.0605605605605606,1.573421568022633,5.380815538368752,12.781189646771692,0.48787558214492954,1.25516096799899,2.978012956122628,0.3296477156935271,0.5372873044759419,1.071126957153317,0.3339243809549677,0.44813598133642857,0.5554597128478804
1.0648148148148149,1.590460752733374,5.3891281684014,12.851939455953588,0.4896025256630295,1.261330602971175,2.976528305911846,0.3322220895167689,0.5452408654192828,1.0588159479739188,0.33636599946024015,0.4296127424827747,0.5438722530286285
1.0690690690690692,1.5943270342557478,5.414324096669734,12.941800866692063,0.48988581921254604,1.2629769773843815,3.003094273648813,0.34634971711399287,0.560422648586149,1.0736483147136746,0.33523890002174517,0.45140477251126193,0.5505405107711963
1.0733233233233235,1.6042177862492104,5.439520024938068,13.007591171450972,0.48458387305493583,1.2575641702000495,2.989068529357855,0.34806466557828386,0.5669404278528176,1.1006202858257637,0.32954910097449913,0.45025458174292354,0.5525510400287759
1.0775775775775776,1.612063332270853,5.4647904090412425,13.114229789795758,0.49033113747489565,1.2621590020696165,3.0147270380894544,0.34873116870783494,0.5661572490020943,1.10201837864768,0.3326390965483077,0.44558251273249827,0.5528567670964962
1.0818318318318318,1.615751280769171,5.5019724027346495,13.188407735652543,0.49825005355310326,1.2907438527657478,3.055646162821558,0.34946012560704903,0.5688962189044289,1.1066130810072252,0.35084058332813267,0.44087990630898366,0.5349701861800005
1.0860860860860861,1.61657710762314,5.5391543964280565,13.25032525723382,0.4893748754510131,1.2915595178719899,3.067908442013331,0.35378764036352717,0.5711964005284702,1.1150791232122563,0.3415625101245181,0.46909984304239083,0.5903516660564538
1.0903403403403404,1.6192867260586472,5.567166016548658,13.258554893485202,0.4935759190230161,1.287896775222157,3.0850514848212773,0.35683685906042684,0.577677427649818,1.1293846449048848,0.35169508757159995,0.455447373063031,0.5763736371483638
1.0945945945945947,1.6224913035615578,5.574944815445806,13.279229126885433,0.4991416353905126,1.3097715219018844,3.10457689218014,0.3509372665500532,0.5754760802214176,1.1306124163681717,0.336710240572544,0.46530360915784114,0.5740226595519293
1.0988488488488488,1.6256958810644684,5.582723614342954,13.299903360285661,0.4988597357547351,1.3177965463847179,3.1362726980536575,0.35163806831941424,0.5628318828166945,1.129051925429188,0.3339979000154153,0.4587140015812995,0.5804584650022881
1.103103103103103,1.6260902268322326,5.582268643297374,13.318377791607688,0.49168799007577635,1.3234137393703196,3.1468463750033244,0.3563414187773442,0.5846976559217024,1.1520200032722023,0.3380806992910943,0.4472806007506517,0.5766242332875261
1.1073573573573574,1.6235722871067575,5.589836554593683,13.329284075284704,0.4891709666506958,1.3254889004820558,3.1599989354010365,0.36167720076743026,0.586557238216816,1.159424926481789,0.3417893024915024,0.4437297965477667,0.5661317455086378
1.1116116116116117,1.6208888009071665,5.597404465889992,13.328649697235837,0.4903405862363357,1.337495460442066,3.1731514957987486,0.3618706082722086,0.5853470880637575,1.158348022934271,0.34804599627445243,0.46192398281655367,0.5807072173531211
1.115865865865866,1.620674905842231,5.617632051099161,13.312230451555486,0.4897790674038977,1.3457883389417886,3.189746504104278,0.3627480338397929,0.5894812570666735,1.1637287190505146,0.3499101901293591,0.45569156258985977,0.5870034732724546
1.12012012012012,1.6224094174567756,5.6376734491110785,13.323509583747676,0.49011685135860683,1.3511273912768154,3.206214261495856,0.360432599867728,0.5880824663553422,1.162720519263137,0.34833799687813627,0.4801291211420307,0.6060415244083825
1.1243743743743744,1.62414392907132,5.657714847122998,13.323724065494712,0.4913875961227837,1.3614377976635985,3.2226820188874354,0.36182679032580567,0.5903872832963946,1.1619852365350014,0.3590547472131339,0.48061434069659914,0.6021560733698441
1.1286286286286287,1.623218928978039,5.6661892398422165,13.327965175411823,0.49364619958097045,1.3673550902988696,3.24017181003816,0.3666878123083395,0.5957228159404866,1.1793127942579322,0.3593087020252168,0.48362480467661206,0.6052738603350971
1.132882882882883,1.621082662256578,5.664374257097615,13.332123993044666,0.4959127155783013,1.3709345403332667,3.25345901971001,0.3644474743842576,0.5988997743689863,1.193246849029841,0.3598035375301008,0.4866948341086169,0.6168340893131494
1.1371371371371373,1.6189463955351169,5.662559274353013,13.33628281067751,0.4990830288621255,1.374513990367664,3.2667462293818597,0.36483932106180483,0.5975405462428174,1.1876245378977466,0.35721005319222354,0.4917065185554924,0.6278189389791573
1.1413913913913913,1.6176232342863528,5.658787584945096,13.340441628310352,0.4992288129054605,1.3788381261057563,3.274944873347266,0.36894485036945013,0.6004869932891215,1.1960284737834805,0.3604976988014855,0.4861543385481796,0.6271587671910959
1.1456456456456456,1.6175567878536588,5.640023193036554,13.336790385645955,0.498857668295813,1.3837934103001972,3.2833357019707536,0.37014249765985935,0.6056319470610695,1.2102173063359078,0.36627626532899027,0.4750907065765619,0.6246604455454219
1.1498998998999,1.6223103541331096,5.623401826562811,13.32516597035645,0.49890281473696313,1.3872470185840875,3.291726530594242,0.3683974019386696,0.6067465739621136,1.2158105867791298,0.36594470852866656,0.4970052147560917,0.6399900418859934
1.1541541541541542,1.626669082851312,5.597834706881921,13.310770595968332,0.4996698392047543,1.3876858157064638,3.3013821929624134,0.3667381320399475,0.6030857047958957,1.217906980991843,0.3661217161601239,0.5008925016077235,0.6430317963000027
1.1584084084084085,1.6303294108400868,5.60284572473821,13.296375221580217,0.5003719113032542,1.3842643031072646,3.2994157860597633,0.3651558336295941,0.6029642594241083,1.2226047359213554,0.36652706851266914,0.5012939922500709,0.6399391159335074
1.1626626626626626,1.6339897388288613,5.6078567425945,13.281979847192101,0.501073983401754,1.3792738841753671,3.2961615855944206,0.3671275754700772,0.6080417791622322,1.2282852020625663,0.3671312516847872,0.5049681060650308,0.6481617575204178
1.166916916916917,1.6380320929137202,5.619049973909542,13.284657840327924,0.5012846518829325,1.3772050974608034,3.2928600462587747,0.36794998862901135,0.6088518846026112,1.232505708417115,0.3707055971409682,0.5007378729351913,0.6413513191777831
1.1711711711711712,1.6413255621389828,5.694718567631488,13.30507239612691,0.5016971266610187,1.3815707754194135,3.299815853957125,0.36801310046280356,0.610766356789489,1.2384200748602345,0.3712083582516641,0.504452350257153,0.6430971823558329
1.1754254254254255,1.644619031364246,5.772373542146662,13.342257278995472,0.5021373949150199,1.3846797238467947,3.309914294555635,0.3695284297926511,0.6137435118587649,1.2443344413033541,0.3743755849985287,0.5058254490740292,0.6466884459581266
1.1796796796796798,1.647819500220177,5.834896753603152,13.379442161864032,0.5022754267854543,1.3865488419170422,3.317411231502672,0.3715653030789696,0.6159694738222345,1.251729646985273,0.3757084080473206,0.5125514224108388,0.6565554865962449
1.1839339339339339,1.6492581431150803,5.83041653091789,13.416627044732591,0.5016506033410277,1.3867658834259484,3.317944620305685,0.37284303613677106,0.6169684828278524,1.2542609884952565,0.3761063778839376,0.5088136623397137,0.6595118927608337
1.1881881881881882,1.6506967860099835,5.816422205768021,13.459446120578413,0.5008955675826945,1.3869829249348542,3.316024710403335,0.37380981184588535,0.6183663962589555,1.259081915426047,0.37499561129487125,0.5116678751734928,0.6578720097183617
1.1924424424424425,1.654327861357457,5.782021036638663,13.510193896311039,0.5001405318243611,1.387205785241224,3.312934809202156,0.3732381141555472,0.6197590816967176,1.2638395397052198,0.3744104202781514,0.5175434081935322,0.6643757434795095
1.1966966966966968,1.6610594080459493,5.772495894212528,13.577696170073928,0.49851704960468485,1.3891479200028014,3.307757298431395,0.37266641646520904,0.6202927293959334,1.2667208739379905,0.3738521017132971,0.5202281373642366,0.6699752846967302
1.200950950950951,1.668362088892085,5.7878378015797125,13.646231852587956,0.49621377641014397,1.3902636970287434,3.3053275118601366,0.37209471877487094,0.6215931194868385,1.2696022081707614,0.3742597556546736,0.5193145611108625,0.6727199883611943
1.2052052052052051,1.6756647697382205,5.809303580102961,13.714767535101982,0.49391050321560326,1.390685069767673,3.3028977252888785,0.3725075720508394,0.6221948694377801,1.2718022744176642,0.3752260850790693,0.5180427549975778,0.6737125834080739
1.2094594594594594,1.6793216839292213,5.835806965149008,13.763224703854554,0.49387257135720763,1.3894037063612066,3.3085085835918218,0.3729544327581346,0.6219183969096145,1.2702997080673946,0.3762828735770784,0.5177179443931414,0.6775226388517652
1.2137137137137137,1.6783177117466246,5.902220771213301,13.809050542494564,0.49506325066944784,1.387578228512866,3.3079139393598833,0.3730883617138354,0.6223423689111336,1.2693128974764694,0.377721280828448,0.5243352928210132,0.6833460476788094
1.217967967967968,1.6766479526526465,5.965516754408629,13.835638281764663,0.49625392998168805,1.385752750664525,3.3073192951279458,0.3729418192021144,0.6227663409126526,1.2709865801988294,0.37919613058607765,0.5255982472632601,0.6865810207416014
1.2222222222222223,1.6764541257779975,6.0009397925014465,13.855091493192898,0.49881818019301616,1.3864976210157507,3.31598482889673,0.3725934540987841,0.6231824328536315,1.2726461479591744,0.3802800297584145,0.5274417873134329,0.6891334049514157
1.2264764764764764,1.6795883684917112,5.999496310035853,13.874544704621133,0.5032598730362939,1.3912689327218708,3.3365780704759422,0.3722450889954537,0.6235949041900871,1.2742946563894593,0.38105128277578665,0.5328491096237133,0.6932950052739791
1.2307307307307307,1.6827216561905793,5.968749902352208,13.882164104881015,0.507701565879572,1.396040244427991,3.3586195428521934,0.3717149500970527,0.6239306426116479,1.277894055871822,0.3806559482077535,0.5371397197576295,0.6977086135696906
1.234984984984985,1.6858491014409966,5.938003494668562,13.881460033495301,0.5092669499689453,1.400540513542159,3.3737727871087473,0.3707230585708644,0.6237728327996876,1.2797936395188134,0.380540713729536,0.5399626358358146,0.698753318654111
1.2392392392392393,1.6831697239896013,5.929861420784121,13.871431753650612,0.5095415934033143,1.403542974166762,3.375837057619965,0.369731167044676,0.6229800682830169,1.278985527401802,0.38042547925131853,0.5402986829853691,0.7000485167593764
1.2434934934934936,1.6803963149359107,5.930263833079801,13.861403473805922,0.5080771297806335,1.406545434791365,3.3757415985726684,0.36873927551848773,0.6221873037663461,1.2781774152847905,0.3812762743205804,0.5407970491711223,0.7013554985384345
1.2477477477477477,1.6776229058822205,5.93066624537548,13.851375193961232,0.5062494613646266,1.4108359226324687,3.3760448194036496,0.3667177003816525,0.6213863118700682,1.2776903929939838,0.3816114865308279,0.5412954153568755,0.7028875538925636
1.2520020020020022,1.6794006633533447,5.941440315251814,13.854300833944825,0.5066339629764981,1.417663702394865,3.388833021348203,0.36461442513479114,0.620611123310762,1.276920506341895,0.3817909270124259,0.5417937815426288,0.704419609246693
1.2562562562562563,1.6843944294702684,5.971128625155012,13.89034719079831,0.5078076368592513,1.4251396853531104,3.408050404972871,0.36276238742089234,0.6222559533880572,1.2759264619403377,0.38169336184370894,0.542292147728382,0.7059516646008221
1.2605105105105106,1.6893881955871926,6.0008169350582135,13.93177517207918,0.5086874534229566,1.4326156683113558,3.4272677885975393,0.36207760546725387,0.6238818922506866,1.2749324175387802,0.38152306561640903,0.5425501115554466,0.7055705687728775
1.2647647647647648,1.694536347630667,6.03008159348915,13.970713046578604,0.5102236360957016,1.4374361977739931,3.445041529133241,0.36226628131295885,0.6247897357061817,1.2732909139101678,0.38164150805979447,0.54207681181897,0.7041741115047981
1.269019019019019,1.7002252488479639,6.027174176249729,14.009650921078027,0.5125184313414148,1.4372045034226337,3.452070752228556,0.3624549571586638,0.6256975791616766,1.2728292709785138,0.3817257775635522,0.5416035120824935,0.7027776542367187
1.2732732732732734,1.7059141500652615,6.022259840629049,14.048338436528578,0.5148132265871282,1.436972809071274,3.4498627527663634,0.3628976855931738,0.6266054226171718,1.2723676280468599,0.381415797793036,0.5411302123460169,0.7020085418808006
1.2775275275275275,1.7116867329250556,6.01734550500837,14.086743839989193,0.5164338135425113,1.4367411147199143,3.4427334533140654,0.365297002285658,0.6278452923160875,1.273457527538508,0.3806822907237094,0.5406569126095403,0.7032722072672541
1.2817817817817818,1.7148059258581494,6.0193028539694495,14.126833812156683,0.5159715751517013,1.4404119654041072,3.4411367439086855,0.3678295560180642,0.6292428994256511,1.281583718461821,0.379947391038451,0.5401836128730637,0.7045358726537079
1.2860360360360361,1.717185158892555,6.027695195394259,14.167129868391351,0.5144880587875554,1.4442577493628526,3.4532038947919093,0.37036210975047046,0.6306405065352148,1.2897099093851339,0.37828989266080604,0.5399835918365739,0.7058251920271603
1.2902902902902902,1.7195643919269605,6.036087536819068,14.207425924626017,0.51309911613142,1.446792947539203,3.465271045675133,0.37041593533995576,0.6323496721583558,1.2978361003084462,0.3762185793049204,0.5398508098492112,0.7062005373183571
1.2945445445445447,1.7217884859598906,6.043546667846358,14.23926204533445,0.5122122979756569,1.4461926496242201,3.4773381965583576,0.3691463667828465,0.6330755971856279,1.3007356415847995,0.3742669039647031,0.5397180278618485,0.7062963043020598
1.2987987987987988,1.7233779224263306,6.034110895161101,14.265664027066979,0.512007301846931,1.442806124857887,3.4685601121435914,0.36806782438893043,0.6333750280514134,1.3005949056981532,0.3726703196285809,0.5395852458744859,0.7063920712857625
1.303053053053053,1.72496735889277,6.024277603948708,14.278959524718651,0.5118023057182051,1.4394196000915536,3.4546584763193824,0.3677009206854347,0.634967244780293,1.3004541698115069,0.37338449111928695,0.5394524638871232,0.7067281250626742
1.3073073073073074,1.72655679535921,6.014444312736314,14.292255022370323,0.5115973095894791,1.43603307532522,3.4407568404951743,0.3687680817621619,0.637388410705111,1.3015605544564388,0.3744899328919538,0.5392262456093706,0.7077140874844288
1.3115615615615615,1.7287336427543807,6.022406225896427,14.305550520021995,0.5124969422186582,1.4403863784563429,3.43486280341787,0.36983524283888913,0.6403083722600211,1.308536095592898,0.3755953746646207,0.538635704691315,0.7083612862861559
1.315815815815816,1.7310714685154227,6.0478367130397706,14.323430789310592,0.5135117333440791,1.4455644888386854,3.4498656428789047,0.37090240391561635,0.6432283338149317,1.3155116367293576,0.37745604633628266,0.5380451637732595,0.7089225989108257
1.32007007007007,1.7333977577683957,6.073267200183112,14.343780110592107,0.5145265244694996,1.450742599221027,3.464868482339938,0.37271126055531506,0.6460055744086195,1.3224871778658165,0.379816668313236,0.5374546228552041,0.7084365987885684
1.3243243243243243,1.7358652895549587,6.098802929038419,14.370165743086567,0.5150715128709613,1.456156221205274,3.479871321800972,0.37459537503111023,0.6463447450219083,1.3251437066383893,0.38217347652574574,0.5368640819371486,0.7075561514280154
1.3285785785785786,1.738829210808524,6.1378346108382775,14.396551375581023,0.5147296660519805,1.4619189890235087,3.4972125310540223,0.3762276835951236,0.6465405532384939,1.3268818801491542,0.3844504280131832,0.5362735410190931,0.7066757040674624
1.332832832832833,1.7417931320620892,6.177833933696871,14.422937008075479,0.5145219920342413,1.4676785234547336,3.515506951628635,0.3778197492386233,0.6478494709618341,1.330223277012767,0.383663983938071,0.5366527637192163,0.7061366241529446
1.3370870870870872,1.7446192540363943,6.2178332565554655,14.442929760188477,0.5144101347388805,1.4733898493448088,3.533801372203247,0.3770099666109914,0.6491290618140393,1.33356467387638,0.38251336276200054,0.5390235327273679,0.7080559452720347
1.3413413413413413,1.7458405688340202,6.2348923621092265,14.45966309796721,0.515090908460943,1.4767149257702807,3.5505913938670584,0.3762001839833595,0.6495663769915099,1.3352335948128766,0.38131833772598,0.5428459782566453,0.7094387863963323
1.3455955955955956,1.74655571749495,6.206389924869978,14.470384987398798,0.5162320225559411,1.479453675649073,3.5541842768822454,0.3753904013557276,0.6500022247934456,1.3364489070607735,0.38066505284447194,0.5457933880856207,0.7107210820825187
1.34984984984985,1.7472708661558798,6.177887487630729,14.481106876830385,0.5173731366509393,1.482192425527865,3.557777159897432,0.37458347402604186,0.6504332202692782,1.3382137606127253,0.3810096533622993,0.545266079536,0.7120033777687051
1.3541041041041042,1.7479860148168096,6.149385050391482,14.495645765710492,0.5183025533591299,1.484832504580746,3.561370042912619,0.3741598267892107,0.6506324676663444,1.337236909660867,0.38221582078085037,0.5455123285653367,0.7132856734548917
1.3583583583583585,1.7517316801527076,6.204104270514666,14.51897410756961,0.5187430282800449,1.4856510379623122,3.5632589073364818,0.3737361795523796,0.6504762650026493,1.3369771003999946,0.38401739906038695,0.5479672658704298,0.7161393229561659
1.3626126126126126,1.7559692707700236,6.296498324690212,14.547859706932798,0.5191835032009599,1.4864337317104273,3.5630860373708018,0.3733125323155485,0.6503200623389542,1.3369824122846394,0.38581897733992343,0.5509012028283218,0.7185111653389058
1.3668668668668669,1.7602068613873403,6.388892378865764,14.580118343823488,0.5196239781218749,1.4872164254585427,3.5629131674051218,0.3735181831722799,0.6502141947742185,1.3369877241692842,0.38682921589573416,0.5538351397862139,0.7218449926332144
1.3711211211211212,1.7638674754648185,6.476757634385258,14.612376980714178,0.5200644530427898,1.488468858630868,3.5627402974394418,0.3743148628227877,0.651893343710982,1.3396024138374878,0.3868787269063267,0.556769076744106,0.7254067303330971
1.3753753753753755,1.7661143432432587,6.454919357705261,14.642840591722576,0.5204949397966421,1.4902353660611634,3.566790022479063,0.3752570969670839,0.654098983958517,1.3424415031908556,0.38745635902396364,0.559703013701998,0.72896846803298
1.3796296296296298,1.767613158105569,6.428513720010443,14.661878213237824,0.5210441707545779,1.4925304837910596,3.5721678430730814,0.3761926313540331,0.6563046242060518,1.3452805925442235,0.38636160481490034,0.5623244688614455,0.732072426142644
1.3838838838838838,1.7686219801275511,6.4021080823156264,14.676775510344363,0.5215934017125137,1.4949568958123574,3.5775456636670997,0.3762354396757769,0.6585102644535867,1.3481196818975913,0.3871120758062395,0.5633525819386438,0.7316661180591932
1.3881381381381384,1.7698592275849272,6.3814471485008575,14.68593286758885,0.5221426326704495,1.4977610064604154,3.5829862120516633,0.37627824799752063,0.6599589042709908,1.3509587712509592,0.38800312271162973,0.5639358319681735,0.7312598099757426
1.3923923923923924,1.7712750896032423,6.376604651268253,14.6886747347872,0.5226918636283853,1.5006903774561424,3.5907839220395794,0.3763584024042833,0.6614055451558445,1.353997241315551,0.3888113053562026,0.5637922755318492,0.7308535018922918
1.3966466466466467,1.7726909516215577,6.371762154035648,14.691416601985551,0.5232408347266142,1.5036197484518696,3.598581632027496,0.376550713727057,0.6628913208309868,1.3583843769184754,0.38931287276970616,0.5650480370472672,0.7311709269240825
1.400900900900901,1.7746043355537675,6.3669196568030415,14.694158469183904,0.5238814622358731,1.5060394687524647,3.606379342015412,0.3769547575975296,0.6642957968469669,1.3623760692404663,0.3887285887804032,0.5662506559084526,0.7326532491102593
1.405155155155155,1.7781628917555163,6.403051077578574,14.702702774607728,0.5245345789842735,1.5069729868709312,3.6129596145805865,0.37735880146800216,0.6654171911812512,1.3647906074435465,0.3881443047911002,0.5666815472391462,0.7339934943088857
1.4094094094094096,1.781908259521268,6.481419297659761,14.727521657646843,0.5251876957326741,1.5078862504476371,3.6158443536532987,0.3777628453384748,0.6665385855155357,1.3683773033508317,0.38756002080179713,0.5665081943616974,0.7352994760234085
1.4136636636636637,1.7868909742922459,6.55978751774094,14.752340540685957,0.5258408124810747,1.5087995140243429,3.61872909272601,0.3779085853718772,0.66765997984982,1.37151688051771,0.3873842340666679,0.5663348414842486,0.7351086542561831
1.417917917917918,1.7917905635896472,6.638155737822123,14.777159423725074,0.5264939292294752,1.5099016190733945,3.6216138317987223,0.37753986640506104,0.6684912926105717,1.3730160800310744,0.3886567727676925,0.5654178551985809,0.7338610632819711
1.4221721721721723,1.7913528442918127,6.638850163726946,14.796776271338718,0.5272803489179421,1.5131365421328637,3.626623840425673,0.37717114743824487,0.6690570780635008,1.373946055537362,0.3899293114687171,0.5640856589752756,0.732613472307759
1.4264264264264264,1.7931125121827256,6.601769144398239,14.812882406195111,0.5281719683864361,1.5164067890898763,3.6344983788973266,0.37680242847142875,0.6696228635164296,1.3748760310436494,0.3912018501697417,0.5633450147581154,0.7313658813335469
1.4306806806806809,1.7948721800736385,6.5646881250695275,14.82942816549826,0.5318167693482095,1.5196770360468892,3.642372917368981,0.37700165175013967,0.6701886489693587,1.375806006549937,0.39252175931070143,0.5653009978333363,0.7326696567062648
1.434934934934935,1.797233840189404,6.52760710574082,14.845973924801408,0.5347054335941512,1.5230254145441968,3.650247455840635,0.37756191990178634,0.6712639025862468,1.3767389967655848,0.3938935537863706,0.5673376043266862,0.7349008179410326
1.4391891891891893,1.8042823297449684,6.557623194336802,14.89798484914121,0.534176155658334,1.523816067920223,3.652790364890762,0.37818217594627423,0.672738352508975,1.3783663337913148,0.3952653482620398,0.569374210820036,0.7371319791758003
1.4434434434434436,1.811071605207411,6.60348185269876,14.965424972981307,0.5335309729475095,1.5245392437392475,3.65114775393802,0.3788201918366477,0.6742069942364195,1.3804523374345696,0.3965418914579817,0.5715118224347238,0.739363140410568
1.4476976976976976,1.8173778647329362,6.649340511060715,14.999426958500038,0.5320652045778935,1.5246896311017941,3.649505142985278,0.3797338637961877,0.6756756359638639,1.3825383410778243,0.3973888585521267,0.5732899217834615,0.741872466306764
1.4519519519519521,1.8210391537585258,6.695199169422676,14.978382059612988,0.5314643878419263,1.5249482027668964,3.6478625320325357,0.3807524742906258,0.677414899339775,1.3846243447210793,0.39794671792938535,0.5748697449494582,0.7444615698076391
1.4562062062062062,1.8147347570233507,6.6743120954847015,14.957337160725938,0.5313975782189396,1.525363322112869,3.6468089334752944,0.3817710847850638,0.679294220843402,1.386710348364334,0.39850457730664396,0.5765311648292181,0.7471681112365902
1.4604604604604605,1.8084303602881755,6.646182830771032,14.919190037742744,0.531330768595953,1.5257784414588418,3.646073168126544,0.38278938309842914,0.6811735423470291,1.388785785272196,0.3990624366839026,0.5781581067225388,0.7498746526655415
1.4647147147147148,1.8038405658548609,6.618053566057363,14.829664068911184,0.5318881270220548,1.5262332208753087,3.645337402777794,0.3823762982554685,0.6829140465530184,1.3904541103402148,0.3995435836602864,0.5797850486158596,0.7512382167402456
1.468968968968969,1.7979672743029904,6.589307311966582,14.738859578036838,0.5330667295947622,1.5278180280702198,3.6446016374290435,0.38158784809739366,0.6833198918634488,1.3919711249316045,0.39984080053066184,0.5814119905091801,0.7524996934181394
1.4732232232232234,1.800064921887423,6.523750330206017,14.723237327560142,0.5342453321674698,1.5311391315131564,3.64708656919265,0.3807993979393187,0.683197514965733,1.3934881395229946,0.4001380174010372,0.5825625192813297,0.7537611700960332
1.4774774774774775,1.802162569471855,6.455546316949162,14.723041485861406,0.5372772686760519,1.5340923145223788,3.6509962535263885,0.3800109477812439,0.6830751380680172,1.3950051541143844,0.4004352342714126,0.5833227307648441,0.7545969835371245
1.4817317317317318,1.8042602170562874,6.387342303692304,14.722845644162671,0.5407867655215672,1.5361787147631563,3.654905937860126,0.3817648945345026,0.6829527611703015,1.3965221687057743,0.40076045985880515,0.5835202881225886,0.7548846116436241
1.485985985985986,1.8072014670439955,6.321818480508387,14.722649802463936,0.5424892478457128,1.5381634052222874,3.658815622193864,0.3843162411954349,0.6850227315117722,1.39895739452807,0.40109911162048506,0.5837178454803333,0.7551549787481486
1.4902402402402402,1.8105291330942217,6.406246712077858,14.741241884689067,0.5410508674918884,1.5399255572479913,3.6596427000826273,0.38695508358023745,0.6881104442546816,1.4014479653716807,0.40149050632902566,0.583915402838078,0.7554253458526732
1.4944944944944947,1.813856799144448,6.501415735609701,14.77182155915214,0.5396124871380635,1.5416877092736954,3.6590929567715604,0.38959392596504017,0.6911981569975914,1.4039385362152914,0.4018978118493742,0.5842609703418589,0.7556957129571977
1.4987487487487487,1.8265670839289787,6.596584759141534,14.80240123361521,0.5395172911460959,1.5418762236037953,3.6585432134604936,0.38983348385620264,0.6942858697405008,1.406429107058902,0.4023996852419124,0.5847622324524142,0.756490775799956
1.503003003003003,1.8282681549586688,6.691753782673372,14.83298090807828,0.5400992804683418,1.5413477456425801,3.6579934701494268,0.38943968134190066,0.6955795687819424,1.408873300118676,0.4029523270642549,0.5853742799031365,0.7576127300546922
1.5072572572572573,1.8311199912391398,6.671993683041129,14.895999673831293,0.5406803237189728,1.5505505361848693,3.672448689358932,0.3890134462790546,0.6958879244885204,1.4106064991528433,0.4035049688865973,0.586093467523644,0.7587346843094284
1.5115115115115114,1.8407176079423129,6.640313878810655,14.98809828327337,0.5413936568184281,1.5561342236202296,3.6952396207158675,0.3879692086979286,0.6960102153013559,1.411501870631099,0.4040640602242108,0.5869034811700793,0.7598566385641645
1.515765765765766,1.850315224645487,6.608634074580177,15.087990358772682,0.54313906736559,1.5653589638493175,3.718030552072806,0.3873439403905372,0.6961325061141912,1.4123972421093551,0.4045021472405391,0.5878363069650726,0.761183953065073
1.52002002002002,1.8592703350406272,6.576954270349703,15.187882434271982,0.5441057915466608,1.5688862329722006,3.740821483429741,0.3868808565310907,0.696605191874175,1.413292613587611,0.40480405743881653,0.5887691327600659,0.7625438988788515
1.5242742742742743,1.8639437694892422,6.591508398172277,15.253383499876794,0.5430521177727164,1.5550814170976164,3.7311442315918306,0.3864177726716443,0.6973062623250805,1.4141879850658667,0.40510596763709394,0.5897019585550591,0.7639005224420101
1.5285285285285286,1.866955739473871,6.616616914270986,15.303675015274134,0.541998199318994,1.5437652863007134,3.6946940731602353,0.3860143423207106,0.6980073327759861,1.4154867907270057,0.4054078778353714,0.5904382119424059,0.7652503935183117
1.532782782782783,1.8699677094584999,6.6417254303696955,15.315224130312167,0.5409435630899271,1.5349648071618776,3.65824391472864,0.38731374320995293,0.6990744651697967,1.4180285623257292,0.40588712265711663,0.5908640951138014,0.7662399223720495
1.5370370370370372,1.8729796794431288,6.6668339464684045,15.316452888792146,0.539673858873046,1.5258422374763647,3.621793756297045,0.3894493130162081,0.7010587403991562,1.421060207032507,0.4066042341818076,0.591289978285197,0.7671074685535805
1.5412912912912913,1.8779061728539426,6.6694442744924425,15.314645405980443,0.5371274336903258,1.5243108346030438,3.602270190699493,0.3921925398189204,0.7039092853632678,1.4240918517392847,0.4073845169151482,0.5917158614565924,0.7679750147351114
1.5455455455455456,1.8830275919343749,6.661143107694089,15.345966547805375,0.5349452198887648,1.522779431729723,3.607553077023429,0.39561984580942744,0.7067598303273794,1.4271234964460622,0.40816479964848895,0.5922133030628342,0.7688425609166425
1.5497997997997999,1.8897445770416932,6.652841940895735,15.381330580355332,0.5341702684799572,1.5196812215937274,3.6128359633473655,0.39524743389249883,0.7096103752914911,1.4309919254571088,0.40882982815178687,0.5934072264790264,0.7699573671802964
1.5540540540540542,1.8964615621490113,6.644540774097381,15.447791842479306,0.5353787392815749,1.51977775414752,3.618118849671302,0.393705471977538,0.7116987091597942,1.4331902834109451,0.4092171128948717,0.5946862942377587,0.7712394745365706
1.5583083083083085,1.9063950799205944,6.673720422948566,15.538267999668482,0.5365872100831925,1.52283395739187,3.6236964791311417,0.392818870226049,0.7119241605480311,1.4362359959574182,0.4095073829449929,0.5959653619964909,0.7725215818928447
1.5625625625625625,1.9170567850424187,6.742529897501324,15.651405342848456,0.5377956808848103,1.527405340595652,3.6303506225402993,0.39193226847456,0.712149611936268,1.4392817085038916,0.4095665770191559,0.5972444297552231,0.7738036892491188
1.5668168168168168,1.9276917842305057,6.811339372054086,15.764542686028438,0.5412040295614767,1.5313777322902742,3.637004765949457,0.391534455714943,0.712375063324505,1.442327421050365,0.4096342962648,0.5978771201843722,0.7747379233565309
1.5710710710710711,1.9378771017415688,6.880148846606845,15.877680029208417,0.5450625252068398,1.5343668478827972,3.6436589093586145,0.39282145387886086,0.7127934658966676,1.445373133596838,0.4098023346939411,0.5984789090830243,0.7749835726029548
1.5753253253253254,1.947214946369693,6.918515374956048,15.98462566405497,0.5456468679210063,1.5417110910812934,3.650313052767772,0.3940015562798185,0.715769535689409,1.4473813678148733,0.40997037312308227,0.5985035343076097,0.775105547290302
1.5795795795795797,1.9559476837328118,6.865878749653522,16.079058750376124,0.5452644487205638,1.5520895586444712,3.6756134397815616,0.3959321009456424,0.7181803395288198,1.4481677167762128,0.41013841155222336,0.5984510933325538,0.7752275219776492
1.5838338338338338,1.9646804210959303,6.8132421243509995,16.173491836697274,0.5469362954056594,1.5624680262076485,3.7013771802326723,0.3969403578503148,0.7204564168835998,1.4514371455825776,0.41035613372832785,0.5984797963773398,0.7753595276883061
1.5880880880880883,1.9734131584590495,6.774013472981121,16.26792492301843,0.5495639684404743,1.5717156560566083,3.727140920683786,0.395453829711588,0.7227324942383802,1.4509026352193137,0.4108028454327939,0.5985431486459722,0.7755710508460205
1.5923423423423424,1.9844694259926297,6.769685289088937,16.36235800933958,0.552191641475289,1.5794445622973545,3.7529046611348966,0.3938964404452003,0.7215489225433078,1.445604383081944,0.41128056451786354,0.5986065009146044,0.7757825740037348
1.5965965965965967,1.9960857192394355,6.81977450512164,16.471372822234787,0.554695395696121,1.5811202832876536,3.7631544441016893,0.3923390511788125,0.7194734817272883,1.440306130944574,0.4117582836029332,0.5986698531832367,0.7762616981013792
1.600850850850851,2.007702012486241,6.87748970573222,16.589026933583092,0.5546034153614775,1.5824437517878738,3.766373308409806,0.39141213333571134,0.7174961268188392,1.4361909415720284,0.41223600268800287,0.5990762092851307,0.7770557604905646
1.605105105105105,2.019318305733046,6.935204906342795,16.706681044931386,0.5544244292971947,1.5818477363060146,3.769592172717923,0.3898734463010224,0.7155707662654978,1.4333995140341058,0.4125889704413998,0.5997015336944062,0.7782160440426216
1.6093593593593596,2.0309345989798526,6.991008030338236,16.824335156279695,0.5542454432329118,1.5821536427800047,3.77281103702604,0.3879961318101194,0.7140791112712673,1.430608086496183,0.41295634914067003,0.6003268581036818,0.779466591439218
1.6136136136136137,2.0380449773205513,7.018995439396113,16.924592557960125,0.554066457168629,1.586312445687303,3.779745545894227,0.3861188173192165,0.7130762262892802,1.4278166589582602,0.4133237278399402,0.6009521825129573,0.7807171388358145
1.617867867867868,2.0446087516497484,7.026282419201225,16.994712111954172,0.5538874711043462,1.5905361671095002,3.7935729042553126,0.3844469702930574,0.712073341307293,1.4253716001230121,0.4136911065392104,0.6015591612224638,0.781967686232411
1.6221221221221223,2.051172525978945,7.036894863257631,17.042041048333388,0.5561524725198101,1.5947598885316974,3.8074002626163983,0.3839986396442153,0.7112016952786717,1.4264977505448573,0.41420653900469157,0.6018544204552569,0.7829534959936439
1.6263763763763763,2.057736300308142,7.047507307314035,17.089369984712597,0.5591227959948781,1.602605777919238,3.821227620977483,0.3864339613945221,0.7108562754434345,1.4296313520358184,0.41564701265729187,0.6021901705217062,0.7835735755330727
1.6306306306306309,2.06062410286538,7.046245372457172,17.13249227625591,0.5620931194699463,1.6137584592788565,3.8350549793385693,0.38886928314482905,0.7138552658299739,1.4327649535267797,0.4170575394477678,0.6025259205881555,0.7841936550725016
1.634884884884885,2.0600117790040526,7.0723930596982125,17.14408170011439,0.5650634429450142,1.6255512759175967,3.8647813625540888,0.391842457919125,0.716854256216513,1.4358985550177406,0.4178563333000428,0.6028616706546047,0.7848137346119304
1.6391391391391392,2.059399455142726,7.108212160616799,17.15194676300718,0.5678120156764854,1.6373440925563374,3.8951344405334702,0.3946009815398499,0.7198532466030523,1.4390321565087019,0.41865512715231784,0.6043355925542304,0.7855077490077169
1.6433933933933935,2.058787131281399,7.144031261535385,17.159673447006742,0.5702077231832208,1.6485730974683768,3.9254875185128517,0.39451287738885654,0.7229535516532366,1.4422303508024377,0.4177312309123189,0.6062003378238304,0.7883359547425756
1.6476476476476476,2.057915382347238,7.179850362453969,17.167400131006303,0.5726034306899562,1.66083050464339,3.9558405964922314,0.39455390839224946,0.7256247594476078,1.4499566117539886,0.41615293856132074,0.6076335114916667,0.7900545748873302
1.6519019019019021,2.0556330364324427,7.163329580414953,17.16344353736555,0.5749991381966919,1.669233740351741,3.9831718843741286,0.3945949393956423,0.7277467910251554,1.4581595250464021,0.4145746462103224,0.609066685159503,0.7917731950320852
1.6561561561561562,2.0519077450221914,7.134516391007259,17.15400393773222,0.5773948457034274,1.6791824211142239,4.007751254682045,0.39463597039903514,0.7298688226027026,1.4663624383388143,0.41276607876308924,0.6099759456283079,0.7934918151768399
1.6604104104104105,2.0481824536119397,7.105703201599564,17.122499311993273,0.5799012705443432,1.6891311018767075,4.032330624989962,0.39510233693307817,0.7319908541802499,1.4745653516312272,0.41178122708244314,0.606799322738893,0.7918886419909159
1.6646646646646648,2.0444571622016885,7.076890012191869,17.077328756391907,0.5833231755708337,1.700136766764659,4.056909995297881,0.3957634354265188,0.7340849251069772,1.48276826492364,0.412139718720657,0.6039110752332255,0.7877945675401555
1.6689189189189189,2.0488068476253964,7.079136473589608,17.051426394378055,0.5867578505082545,1.7123029000852275,4.081563254758915,0.3964245339199594,0.7353386818627796,1.4858386703744446,0.4124982103588708,0.6009652729726481,0.7834781607927008
1.6731731731731734,2.059697146693956,7.146619102465145,17.106210603010705,0.5901925254456757,1.7246182372904042,4.10835781541426,0.3970856324134001,0.7363607754982067,1.4846137574775673,0.41285670199708463,0.5974442599267011,0.7790649411043056
1.6774274274274275,2.072949326340619,7.214101731340676,17.167364670851956,0.5936272003830965,1.7369335744955798,4.135152376069603,0.3977467309068407,0.7373828691336338,1.48338884458069,0.4127304370233855,0.595926584613715,0.7769235551169771
1.6816816816816818,2.0862015059872827,7.281584360216211,17.282707115141797,0.5970618753205175,1.7490452242550867,4.161946936724947,0.39766848389266163,0.738404962769061,1.4821639316838129,0.41259936096117855,0.5953414784160447,0.7752805339383575
1.685935935935936,2.098880010638152,7.349066989091745,17.398049559431634,0.5997201810237581,1.7568654675351483,4.188741497380291,0.3981415218336686,0.7394986118388411,1.4809390187869353,0.41248712823202555,0.5947563722183743,0.7742570596437794
1.6901901901901901,2.1080968201907337,7.332271533482455,17.49251882600472,0.6017894557116451,1.7621795273052197,4.207823546356697,0.3988097294501348,0.7409699656267748,1.4807126729639197,0.4123748955028725,0.594171266020704,0.7743869493922181
1.6944444444444446,2.117226658302282,7.2924482275469344,17.575859353413303,0.6038587303995322,1.767493587075292,4.218917827565682,0.3994779370666012,0.7431996358175492,1.4900159028431565,0.4122626627737195,0.5944933694769171,0.7758673335350394
1.6986986986986987,2.1251756065612346,7.258109247158972,17.65919988082188,0.6059280050874192,1.7723209074227662,4.230012108774666,0.4007952073468868,0.7454293060083235,1.4993191327223923,0.4128290115663855,0.5954342548503531,0.7774142688549677
1.702952952952953,2.1331245548201876,7.253752931905783,17.73186075129044,0.6079972797753063,1.7770179006498155,4.24110638998365,0.40340644248370783,0.7478642742600095,1.5086223626016286,0.41471626911972315,0.5963751402237892,0.779029519237932
1.7072072072072073,2.140776828198195,7.254336379274574,17.79802884398258,0.6097348757858772,1.776403392409803,4.252200671192634,0.4059539945376667,0.7525851947883773,1.5179255924808648,0.4166529260095965,0.5973160255972253,0.780644769620896
1.7114614614614614,2.1481910967071745,7.306301075503362,17.864330891445242,0.6099312339234702,1.7732559829812415,4.247882325856986,0.40832209052252344,0.7573061153167449,1.5268650351798296,0.4187856701282451,0.6007045344080277,0.7825165381199668
1.715715715715716,2.1530977614222637,7.358265771732157,17.930632938907905,0.6101275920610632,1.7701085735526796,4.241779786905248,0.41069018650738043,0.7619047133927057,1.535118020797096,0.4209184142468938,0.601955449872414,0.7844545093705844
1.71996996996997,2.1550338739455754,7.425569109006384,17.99693498637057,0.6103239501986562,1.7669611641241183,4.235677247953511,0.4109196967161812,0.7664704405732281,1.5431189527031703,0.42249206216419816,0.6036713583143409,0.788203984038419
1.7242242242242243,2.156969986468887,7.50220714219363,18.03339775932976,0.6105203083362492,1.763587467571114,4.229574709001772,0.41029417350172903,0.7697425188855649,1.5511198846092449,0.4233901503645294,0.6072633184793014,0.7927155769616151
1.7284784784784786,2.158682811230949,7.499977924474447,18.05238216692368,0.6104074376165742,1.7576130047847496,4.221549375784568,0.4096686502872767,0.7714222401428104,1.5591208165153196,0.42358528346085755,0.6108552786442617,0.7973705365684955
1.7327327327327329,2.160374744612096,7.458751499547237,18.075526613885906,0.6098202148049443,1.7515382246688405,4.207697553912267,0.4093463243237564,0.7731019614000558,1.5671217484213944,0.4237804165571857,0.6144472388092221,0.8020254961753761
1.7369869869869872,2.164831093639785,7.437806213083903,18.103515047368216,0.6092329919933142,1.745463444552931,4.193845732039965,0.4092913553344054,0.774873788146951,1.5766577320894166,0.4242016618027348,0.6166536335579791,0.8062281885337015
1.7412412412412412,2.1700089915502216,7.4168609266205685,18.134596747823686,0.6086457691816842,1.7393886644370218,4.179993910167664,0.41217505503206364,0.7770411232873566,1.588005117025805,0.42540926340865476,0.6175805864336292,0.8086738348968934
1.7454954954954955,2.1741858973147483,7.387599914833894,18.172495980845582,0.6080585463700541,1.7402271987164708,4.166142088295363,0.415058754729722,0.781181611355964,1.5994208880420295,0.42571671278297574,0.6174466093118793,0.8081910874825158
1.7497497497497498,2.1748271913608006,7.413332733754723,18.210395213867475,0.6074806862785633,1.7540378469663276,4.177894943867384,0.4179424544273803,0.7859434388519361,1.6108366590582541,0.4254223253670524,0.6173126321901294,0.8081650045805217
1.7540040040040041,2.1754684854068533,7.459198962814013,18.242656083755293,0.6095037283020706,1.7678484952161848,4.210860432500363,0.4204893409264431,0.7907052663479082,1.6222524300744787,0.4262500772957196,0.617269021766787,0.8081389216785275
1.7582582582582584,2.175612579881631,7.505622459342616,18.27304897704021,0.6120627015804909,1.7816591434660416,4.243825921133342,0.42248063432533145,0.7954670938438803,1.6328944213933476,0.4285295757697156,0.6178199042188912,0.8086112535928582
1.7625125125125125,2.1722458656202637,7.605006220169994,18.300119514223596,0.6146216748589113,1.795469791715898,4.27679140976632,0.4232774906386411,0.7999773615396133,1.6401378930049229,0.43124839513766633,0.6183707866709953,0.8096258682504051
1.7667667667667668,2.170258308386228,7.691613516815703,18.303192492777555,0.6171806481373316,1.805364646599413,4.309756898399299,0.4240743469519508,0.8020969562140523,1.6447799320969592,0.43396721450561715,0.6208929557382116,0.8120647989717971
1.771021021021021,2.1698135457702845,7.66344566533151,18.31867531755372,0.6197043068171135,1.8126485770517078,4.330808645153169,0.4248712032652605,0.8042165508884913,1.6494219711889957,0.43668603387356797,0.6238873358752535,0.8159691608021211
1.7752752752752754,2.169368783154342,7.635181577123117,18.334921079881177,0.6216859014641536,1.8199325075040025,4.348702216865869,0.42551737961226666,0.8063361455629303,1.654064010281032,0.43911586888621,0.627352699866941,0.8198735226324451
1.7795295295295297,2.1696358132588527,7.606917488914723,18.351166842208634,0.623659965064647,1.8272164379562974,4.366595788578568,0.4261333972566881,0.8084557402373693,1.6587060493730683,0.4412277556948599,0.6316585960935179,0.8249098790241076
1.7837837837837838,2.1712864620652272,7.5786534007063295,18.3491342297109,0.6255768377290789,1.8345003684085919,4.384489360291267,0.4271158994387794,0.8098846323392117,1.6626306657360193,0.4432848838629234,0.6359644923200944,0.8304347870311215
1.788038038038038,2.169805313622855,7.562778694662921,18.338391825733233,0.627608092265634,1.841460949087454,4.402382932003967,0.4280984016208708,0.8108768677949383,1.665834291860369,0.4453420120309871,0.6402527420225848,0.8356930041536877
1.7922922922922924,2.166771110699055,7.576926004099297,18.326091771795333,0.6289982000061001,1.848329085232446,4.420081928399661,0.4290809038029622,0.8118691032506647,1.6690379179847188,0.4473991401990507,0.6441249822978156,0.8408312502160404
1.7965465465465467,2.163736907775255,7.591073313535674,18.301339744046498,0.6294239549590662,1.8551972213774386,4.437776685404733,0.4300634059850536,0.8128613387063912,1.6722415441090683,0.44951127799367907,0.6477419607431499,0.845969496278393
1.800800800800801,2.1584187051983457,7.60522062297205,18.266887912200723,0.6298497099120324,1.8620653575224306,4.455471442409806,0.429652902586844,0.8138535741621178,1.675445170233418,0.45200819869289044,0.6511337640215231,0.8506191476189948
1.8050550550550553,2.1508139324153115,7.619367932408427,18.231634799565313,0.6302754648649984,1.8677644989837972,4.473166199414878,0.4284289674811137,0.8140561689140946,1.677268418618562,0.45480980148882166,0.6545255672998962,0.8551912845631009
1.8093093093093093,2.140907829635956,7.613713533464768,18.167995093260252,0.6307012198179645,1.8721459658724968,4.490510674333615,0.42720503237538343,0.8121120065942978,1.6759677919843385,0.45731154791443585,0.6579173705782693,0.8597634215072069
1.8135635635635636,2.130459782047792,7.581591104172517,18.087417937002872,0.6290324280531234,1.8764636996013881,4.5050763872379544,0.4259810972696531,0.8100769656623918,1.673441678130352,0.45981329434005014,0.6614615976509963,0.8651002741196423
1.817817817817818,2.120011734459628,7.549468674880266,18.00684078074549,0.6267918977316558,1.8815244012113952,4.519642100142294,0.4247571621639228,0.808041924730486,1.6709155642763656,0.4623150407656643,0.6657576491733304,0.8705698132572892
1.8220720720720722,2.1129104165726584,7.5173462455880165,17.92626362448811,0.6247045861679055,1.8867190549498942,4.534207813046633,0.426334097474661,0.8060068837985799,1.668389450422379,0.46426838024774175,0.6701187758933322,0.8762504557504223
1.8263263263263265,2.1079998135365186,7.485223816295766,17.846745260635217,0.6249760707630628,1.891913708688393,4.548773525950972,0.4290371131343369,0.8061513179299022,1.6658633365683926,0.4655136117038261,0.6744799026133341,0.8819372414120956
1.8305805805805806,2.106360847967899,7.482630887019947,17.795027005457875,0.6280522510129197,1.8937603797805982,4.560249096603964,0.4317401287940127,0.8108009891340437,1.6719212358888464,0.46675884315991034,0.6788410293333357,0.8876240270737686
1.834834834834835,2.1051079507913366,7.5087757614058255,17.757014582944286,0.6311284312627768,1.8952786846799565,4.558454805714996,0.4344431444536886,0.8154852402207085,1.6808564583438543,0.4680040746159947,0.6828516993415951,0.893310812735442
1.8390890890890892,2.1038550536147747,7.534920635791705,17.719002160430698,0.633754901658379,1.89529865081151,4.55666051482603,0.43714616011336455,0.820169491307373,1.6897916807988618,0.46924930607207904,0.6850653694025277,0.8973886445616758
1.8433433433433435,2.100989127770318,7.561065510177584,17.68098973791711,0.6361209727772252,1.894078093724746,4.554866223937063,0.4375941835592563,0.8248537423940376,1.6987269032538694,0.4697603411831964,0.6869469173897715,0.8998532820515776
1.8475975975975978,2.0972620685297017,7.587210384563463,17.64172181864581,0.6365491265310737,1.8932327335405654,4.553071933048097,0.437468765310989,0.8282260632589415,1.707662125708877,0.470201409895574,0.6888284653770151,0.9023179195414793
1.8518518518518519,2.0910182568009263,7.568320300660729,17.579731806741606,0.6351076975219603,1.8962892772582187,4.553184132845726,0.4372266231552397,0.8302528027995174,1.7148184762079681,0.4706424786079516,0.6907100133642587,0.904782557031381
1.8561061061061062,2.0845620681080526,7.509636012127466,17.504577104230997,0.6336200792471519,1.899485946797883,4.560543015876874,0.43698448099949044,0.8320271212329823,1.7200231977800167,0.4710835473203292,0.6925915613515023,0.9072471945212828
1.8603603603603605,2.0781058794151797,7.450951723594201,17.42942240172038,0.6324908618566387,1.9002609641492616,4.567901898908022,0.4379374108610752,0.833801439666447,1.72478595866927,0.4715246160327069,0.6931956541753083,0.9096816254349452
1.8646146146146148,2.0719665208054714,7.392267435060937,17.35426769920977,0.6315677733895793,1.9010791901542579,4.5752607819391695,0.43931052482058325,0.8367137168139165,1.7295487195585233,0.47175157554112207,0.6928131199326585,0.9097468452021085
1.868868868868869,2.066003892233294,7.3335831465276735,17.27934478456479,0.6311623860651336,1.9018974161592541,4.582619664970318,0.44096476435479415,0.8396220909045651,1.7343114804477766,0.4711759332708871,0.6924305856900088,0.9098304932508083
1.8731231231231231,2.060200042195535,7.248596138052827,17.209610838195132,0.6313464705158803,1.8991161388097972,4.586682961989754,0.4427249418291745,0.8427213022966724,1.7385281782385973,0.4705453955444492,0.692048051447359,0.9110653951478526
1.8773773773773774,2.0544153487786447,7.136995938540188,17.141622172068175,0.631530554966627,1.8959733220550847,4.5746690169599615,0.44448511930355483,0.8450523482371146,1.7414000030801944,0.46991485781801134,0.6916655172047093,0.9123002970448968
1.8816316316316317,2.048630655361755,7.025395739027548,17.073633505941217,0.6310108602846798,1.8927891809176185,4.562655071930169,0.44624529677793523,0.847325781052932,1.7438281867162082,0.4692843200915734,0.6909273947865993,0.9135351989419411
1.885885885885886,2.0412423343651573,6.913795539514908,17.00564483981426,0.6299790315727407,1.8867010646650078,4.550641126900377,0.44525381671019904,0.8495992138687493,1.746256370352222,0.47035714816246443,0.6897688925519943,0.9128542232911807
1.8901401401401403,2.0326642060789415,6.833298831471236,16.9376561736873,0.6283337100475397,1.8806129484123968,4.5386271818705834,0.4436768412822911,0.8505696979683559,1.748684553988236,0.4725587080144976,0.6875840983685282,0.9118360961363472
1.8943943943943946,2.0247213389587135,6.783230615790554,16.86261548967643,0.6253822721153841,1.8726181511904918,4.525863238021535,0.4422988829177076,0.8494978653903302,1.7511127376242501,0.47405019044609364,0.6853993041850621,0.9108179689815139
1.8986486486486487,2.0169331566430206,6.774902554291355,16.79693592241688,0.622401454948238,1.8642071245804672,4.503664843269114,0.44225767034015706,0.8493371507181764,1.7538308127180047,0.47539477389075924,0.6832145100015963,0.9097998418266806
1.902902902902903,2.0091449743273273,6.766574492792156,16.731256355157324,0.6195035204550341,1.8557960979704422,4.481466448516692,0.44305414877773863,0.8506449441769444,1.7567259208659003,0.47673935733542494,0.6830879451730993,0.9087817146718471
1.9071571571571573,2.0029852964971857,6.767275605495373,16.66557678789777,0.6177632530149,1.8479795770901244,4.459268053764271,0.44385062721532015,0.852494093072008,1.759621029013796,0.4775917692347711,0.6848408568798375,0.9077635875170137
1.9114114114114116,1.99883112538692,6.77654383224348,16.59989722063822,0.6166616964032628,1.838641803158572,4.437069659011849,0.44453766685832274,0.8529632968262051,1.7625161371616915,0.4779003829686852,0.6889129785803205,0.9108531221014444
1.9156656656656659,1.9956844419165995,6.779199724736417,16.544345039771798,0.6175145317329729,1.8336338174261906,4.4148712642594266,0.4455469090029609,0.853233172991237,1.7654112453095872,0.47941395134419135,0.6929851002808036,0.9157416716047447
1.91991991991992,1.9930318250193415,6.762154457238358,16.50009616842653,0.6183673670626828,1.8328083145929794,4.402668900811586,0.4478421954938714,0.8549305449471762,1.767750957351479,0.48148845858283196,0.6970572219812865,0.9206302211080448
1.9241741741741742,1.990060963304495,6.744685147824628,16.45546726038944,0.6190679307853343,1.8320348088987284,4.391351892382143,0.45013748198478193,0.8567380478516842,1.7690830686043886,0.4835629658214728,0.7006682871093289,0.925518770611345
1.9284284284284285,1.9865796708057277,6.726793106265597,16.409871700467207,0.6208092499737135,1.8312613032044776,4.3800348839527,0.45100224096512387,0.85820320970106,1.7698764083290817,0.48554713920769144,0.7034852966268617,0.9304073201146452
1.9326826826826828,1.9830026687900497,6.708491450457093,16.36765713922636,0.6207054438555193,1.8304877975102263,4.368717875523257,0.4502558886804115,0.8595577033034116,1.7706697480537745,0.487309612115288,0.7063023061443944,0.9340882969088529
1.9369369369369371,1.9790737744303335,6.692045282096178,16.326934109080934,0.6184027031225423,1.8254144283233233,4.357400867093814,0.44949818131809854,0.8587957379749348,1.7714630877784674,0.4889521027358291,0.7088938832074221,0.936565708454423
1.9411911911911912,1.9747335855701478,6.701952672699266,16.281938946276085,0.6147734515989869,1.8175536105362684,4.338927586371442,0.44865576996779766,0.858033772646458,1.7720607046685237,0.49046244900443614,0.7114353062578445,0.939043119999993
1.9454454454454455,1.9701592492835194,6.712703164051074,16.23563355991103,0.611336375789417,1.8096927927492135,4.317437422861237,0.4478133586174966,0.8573539981887748,1.771863357415835,0.4919727952730432,0.7139641100363217,0.9416857573949834
1.9496996996996998,1.9637073343844014,6.723297377784046,16.188432604462257,0.6085969575325999,1.8022580133932942,4.295947259351031,0.4471952055554505,0.8573018607367444,1.7707170407272224,0.4934862001150957,0.7164114952381969,0.9446693253899674
1.953953953953954,1.9571374062582851,6.73373469041599,16.13582022057692,0.6058575392757828,1.7940424525060452,4.274457095840825,0.4473417464020196,0.8570205654030558,1.7695707240386098,0.4950662771491896,0.7188588804400722,0.9475392657838919
1.9582082082082084,1.950715430680824,6.744014430726548,16.07570715475913,0.6017326289752416,1.7858624434057035,4.252966932330619,0.44748828724858875,0.8558634627902024,1.7684244073499973,0.4966463541832836,0.7209036787876819,0.9501252252689308
1.9624624624624625,1.9453628031148806,7.100311317452425,16.023457561363294,0.5972316885757925,1.7754366886558572,4.231968207868995,0.44766512913604906,0.8552646033839628,1.7672780906613847,0.49813340303932646,0.7226261062313886,0.9527111847539698
1.9667167167167168,2.0485068853042545,6.685547098076359,15.975850098822225,0.5927307481763431,1.7647712157215336,4.2116261674513655,0.4473534690392639,0.8546133168048555,1.7639490025139808,0.4990881785213095,0.7243485336750952,0.9552971442390086
1.970970970970971,2.5256421315109505,8.121214527663426,15.995634386233714,0.5877673376743844,1.75410574278721,4.191284127033736,0.44674632283751137,0.8528902055095327,1.7585293790264023,0.5000429540032925,0.7259537720180318,0.9578501238956116
1.9752252252252254,1.993105703806863,7.650459219081014,16.25095921184417,0.5826590732853993,1.7434402698528866,4.170942086616107,0.44510826852849683,0.8512237583325437,1.7528765141398304,0.500164780658416,0.727536761569832,0.9601299567179225
1.9794794794794797,1.9303914476648192,6.578772101743436,15.845647274676555,0.5793270393144694,1.732774796918563,4.150600046198479,0.4433836347181431,0.8488266011037324,1.7472236492532582,0.4999907344476582,0.7292881706202297,0.9624097895402335
1.9837337337337337,1.9287052893880854,6.596333362408355,15.814893949067379,0.5780340718537105,1.7262653632181428,4.130762466439384,0.4416590009077894,0.84578657230947,1.741570784366687,0.49981668823690034,0.7315988463477177,0.9646620285462834
1.987987987987988,1.927595599288256,6.68416650426634,15.793427161241894,0.5767411043929516,1.7223665024807673,4.115949966273448,0.44060715856682975,0.8427465435152074,1.7366486291609007,0.5000421481166863,0.7339095220752057,0.9669104955255061
1.9922422422422423,1.926828958513069,6.77248311164583,15.771323005816448,0.5759018551993631,1.7184676417433917,4.101137466107511,0.4396405382957601,0.8410097884766261,1.7331974480801633,0.5003620292377277,0.7355383643450518,0.9691589625047288
1.9964964964964966,1.92599776661052,6.8612821740467815,15.763314458524768,0.5757273633770846,1.7145687810060162,4.086324965941575,0.4395012359303459,0.8395901897035747,1.7306288837996973,0.5009759505261255,0.7364455091344564,0.9702143180805509
2.000750750750751,1.9251017904815961,6.950562656722673,15.758483521039292,0.5755255559092725,1.7106699202686406,4.071512465775639,0.44001906353802944,0.8383398212757996,1.7280603195192317,0.5020907220408533,0.7373526539238611,0.9708604502085723
2.005005005005005,1.9232872661144493,7.030285876653981,15.753167575402967,0.5750212491586029,1.7071441108927035,4.0566999656097025,0.44049222138413446,0.8388704011528069,1.7254917552387659,0.503205493555581,0.7377887232327899,0.9712022586552516
2.0092592592592595,1.9201008803529414,6.9943681094613135,15.73503048195989,0.5744932816404004,1.7033970669619105,4.045380310460823,0.4406443763567865,0.8394009810298142,1.7226900844462811,0.504118641698421,0.7381394712617952,0.9712277201939378
2.0135135135135136,1.9136308133533975,6.953302571506059,15.714678514925247,0.5739365974999903,1.6995642172413281,4.03555251191223,0.4407965313294385,0.8395868023483325,1.7189220476383427,0.5047379879773266,0.7385497993185934,0.9712531817326241
2.0177677677677677,1.9070500246830706,6.911677156662284,15.68208026814818,0.5726676840508518,1.6956461940602572,4.025492172139893,0.4406783358417954,0.8392353910519095,1.7139064073978831,0.5053573342562323,0.7397693142858239,0.9715647463091357
2.022022022022022,1.900358194544328,6.869491660443082,15.629314233091947,0.5713615060389414,1.6916448881033612,4.015238460767648,0.4387435975741696,0.8388839797554863,1.7088907671574227,0.5050110636819124,0.7409888292530546,0.9724876272918331
2.0262762762762767,1.8935299428429073,6.826738918684972,15.575672774647298,0.5706729062183397,1.687548873925405,4.004790673784407,0.4368088593065438,0.8370128727073703,1.7038751269169627,0.5046030752226893,0.7422083442202854,0.9733947924717039
2.0305305305305303,1.885663159270137,6.75927359437201,15.515633786769449,0.5703281751823388,1.683829976173832,3.9937200704849154,0.43494246271060516,0.8342942298436584,1.6988594866765037,0.5041950867634661,0.7433757599970398,0.9739104952312958
2.034784784784785,1.8779694980084742,6.674549556628747,15.447546485416233,0.5698252823305443,1.680353438324821,3.9810308078562917,0.4331103520295523,0.8315755869799458,1.6944034520950246,0.5039871126818268,0.7444229198891157,0.9744261979908879
2.0390390390390394,1.8702758367468113,6.589825518885487,15.387228529271546,0.5692114857509253,1.6767994917259235,3.968126842242355,0.43127824134849935,0.8291765972853915,1.6906223365757627,0.5037911887413375,0.7445797101134557,0.9749419007504799
2.0432932932932935,1.8625821754851493,6.505101481142234,15.326993289896025,0.5685749517565599,1.6731688350994087,3.9550070657033634,0.4286309576687754,0.8268073766526303,1.6871136883376083,0.5032797264062925,0.7441146505988385,0.9738822455292904
2.0475475475475475,1.8548885142234877,6.420377443398982,15.266758050520504,0.5677196128077596,1.6693279927172524,3.9416741363420007,0.42552299210702377,0.824282781492811,1.6836050400994544,0.502378039911995,0.7436495910842214,0.9725006755671219
2.051801801801802,1.8486867771495246,6.345048755734927,15.206522811144978,0.5655300135421151,1.6636546212225136,3.9281273058618025,0.42344830639293185,0.8207551073424861,1.6800963918612997,0.5014763534176974,0.743184531569604,0.9704954888472825
2.056056056056056,1.8458247516305712,6.3615732669774205,15.15613820428155,0.5633996238205059,1.6584968782276381,3.9189979812412528,0.4217244022320742,0.8172274331921616,1.6762078346699387,0.5005746669233998,0.7414900333223522,0.9679232265394322
2.06031031031031,1.842962726111618,6.380678538298018,15.107847406268029,0.656270794792526,1.7044573971413612,4.251786372626666,0.4195559923055606,0.8133265519071162,1.670756995904252,0.4993732463282132,0.7394058192412462,0.9653509642315817
2.0645645645645647,1.8401007005926644,6.399783809618618,15.060826541693874,0.8940290708765772,1.9551114676636523,4.093744524004073,0.41733714981071335,0.8088042438884997,1.662656576235348,0.4974806081259805,0.7364751871512152,0.9625012190013436
2.0688188188188192,1.8372386750737109,6.418889080939217,15.013805677119716,0.5598781587102495,1.6461913072777437,3.995332047339467,0.4151183073158661,0.8042819358698832,1.654556156566444,0.4965055617401365,0.7335445550611843,0.9589319816646973
2.073073073073073,1.833865590943419,6.437994352259812,14.96678481254557,0.5606506249302547,1.642331823321651,3.8884643219985078,0.4136658226618926,0.801224606291757,1.6464557368975417,0.4956426222266156,0.7306139229711541,0.9553627443280518
2.0773273273273274,1.831600194252681,6.448183977563323,14.924546687783529,0.5629929933807967,1.639744535893244,3.881193124844316,0.4125644853095794,0.7993070886775567,1.6383553172286378,0.49477968271309447,0.7278218308059661,0.9523757930209524
2.081581581581582,1.8294456948173896,6.448926130420189,14.903223669434645,0.5641395162372593,1.6395199158362859,3.87945122959457,0.4117218636358986,0.7973895710633565,1.6345455029333673,0.49391674319957346,0.7256158046652486,0.9494224245421358
2.085835835835836,1.8272911953820987,6.449668283277055,14.88218165454338,0.5638724538544163,1.6398625622647578,3.877597310345542,0.4114801570051485,0.7963138357933293,1.63325115790968,0.4935273450696568,0.723882983119245,0.9464690560633194
2.09009009009009,1.8251366959468078,6.450410436133921,14.86113963965212,0.5635887676554417,1.6401666976335383,3.87563058390188,0.4112349396652646,0.79548652088948,1.631956812885993,0.49316559732682985,0.7227557623633538,0.9442224055130874
2.0943443443443446,1.8230539514763215,6.451152588990787,14.840097624760853,0.563982730576595,1.643627848634602,3.873550618715949,0.4109691888492496,0.7946592059856306,1.6306624678623054,0.4923259018878663,0.7216285416074624,0.9425685360913116
2.0985985985985987,1.8216517351406,6.451894741847653,14.81905560986959,0.5651859365424627,1.6444795565651456,3.8713569834333983,0.4105706666595055,0.7934201204901639,1.6293226612147793,0.4914862064489028,0.7205013208515711,0.9407188042777072
2.1028528528528527,1.8204842203301312,6.467475167614486,14.802882549454978,0.5634937956801767,1.641468191703181,3.8659641790702963,0.41014962413425604,0.7921056786053273,1.6278733868940787,0.4906465110099393,0.7190116387948045,0.9380957647626393
2.1071071071071072,1.8193167055196622,6.486030401516511,14.793387845265574,0.5615722167534889,1.6350660078511718,3.856895325526965,0.4095867518909302,0.7907473576417777,1.6236274766794276,0.489790534836263,0.7172130840722821,0.9354727252475711
2.1113613613613618,1.8181491907091931,6.504585635418536,14.783893141076168,0.5601815567553214,1.6285711165531565,3.8476581474186027,0.4089365796735455,0.789355448208306,1.619242034865567,0.4883848828820236,0.7147590634459267,0.933004459558956
2.115615615615616,1.8154284886839134,6.523140869320558,14.774398436886763,0.5591392519027936,1.6223438195789988,3.838250577741758,0.40827121072357464,0.7879301456460086,1.6147819561980135,0.4869903844640469,0.7121051610917306,0.9302266462174349
2.11986986986987,1.8114590230092542,6.541696103222581,14.76490373269736,0.5580691660165474,1.6168399180864255,3.828670330305014,0.4074390791771252,0.7865879835636904,1.610246988666713,0.48560381416917076,0.7094512587375348,0.927603606702367
2.1241241241241244,1.8074290950287042,6.547338249549158,14.736421104519177,0.5542596347925215,1.6110446233087765,3.8189150912992655,0.4063102681625975,0.7856151379064454,1.6058476953733636,0.48421724387429455,0.7067973563833386,0.9254274085417278
2.1283783783783785,1.803353241883642,6.456865759671753,14.702208623646477,0.5496673733459517,1.6051032527639604,3.804582406531769,0.4051619415231695,0.7842599684505103,1.601511448474128,0.4828306735794184,0.7042781213841298,0.923584730321086
2.1326326326326326,1.7992773887385796,6.366338853501228,14.668027723411507,0.545075111899382,1.5991618822191442,3.788737685602156,0.4039375787512709,0.7825476222953733,1.5965581095109895,0.48144708739154696,0.7017898848873437,0.9217420521004445
2.136886886886887,1.7986653538595814,6.275811947330694,14.633846823176533,0.5404828504528119,1.5932205116743274,3.7728929646725415,0.4033474386027622,0.7808002851955774,1.5915272613710638,0.4800706743246983,0.6993671545432685,0.9198993738798025
2.141141141141141,1.7982049690988624,6.18528504116017,14.604394643688186,0.5358905890062422,1.5872791411295113,3.7570482437429282,0.40172157764709027,0.779017880724933,1.586418721502333,0.4787385401961446,0.6969444241991934,0.9180566956591609
2.1453953953953953,1.7977445843381434,6.094758134989645,14.604903528838399,0.5339099524574618,1.5813377705846952,3.741203522813316,0.47205552530826855,0.7768403320567625,1.581231721271437,0.47741529905143465,0.6945216938551185,0.9162140174385192
2.1496496496496498,1.7969115357442158,6.019262728202097,14.604755018495279,0.5345072006538296,1.5763122328376533,3.725358801883701,0.4955085686678834,0.7741955577867803,1.5812134239715512,0.47609205790672443,0.6920424167089004,0.9129943449688801
2.1539039039039043,1.7959813540868248,5.987831508753409,14.601381741619477,0.5351044488501973,1.571493618568184,3.714619387755044,0.5724344303504819,0.8669852401147596,1.6448881922355456,0.4745406819328178,0.6881524312409781,0.9094253325370252
2.1581581581581584,1.7945797425303462,5.9614983056082895,14.598008464743675,0.535701697046565,1.5666750042987152,3.7040682290722975,0.46592303373960253,1.1325812465143288,1.6460293490558349,0.47287086213847984,0.6843339475456816,0.9058563201051706
2.1624124124124124,1.790561434443779,5.93516510246317,14.594635187867874,0.5362989452429328,1.5618563900292464,3.693517070389551,0.4312294314993603,0.7686395277677991,1.5682139868135831,0.4712074720745457,0.6807634674989245,0.902287307673316
2.166666666666667,1.786543126357211,5.908831899318049,14.584014295995251,0.5368961934393006,1.5571844313709815,3.6829659117068037,0.3983987724855314,0.7667970780965027,1.5652864478173836,0.4699895868653713,0.6771929874521669,0.898718295241461
2.170920920920921,1.7825248182706437,5.882632537223732,14.557252728335667,0.5364467518043041,1.5535726957865874,3.672414753024057,0.4006665232148533,0.7670397588746605,1.5622983944612954,0.468766605141692,0.6744484382886411,0.8951492828096064
2.175175175175175,1.7786118377224462,5.874641077684391,14.530651154561014,0.5355016003738985,1.5512237450501223,3.6626281499366287,0.40294216902312974,0.7688093542392331,1.5613860755087074,0.46753195363963707,0.6731516213819599,0.8943494897546249
2.1794294294294296,1.775333129180844,5.897442512760043,14.504389067411525,0.5345564489434929,1.548913044783815,3.6588568313437095,0.4052258474099205,0.7705716888068898,1.5610504086476635,0.46693837694378326,0.6718548044752786,0.8936775456992858
2.1836836836836837,1.7727912346653114,5.920243947835694,14.47812698026204,0.5336112975130871,1.5466023445175083,3.655085512750791,0.40751760399607795,0.7723269690775925,1.5606762908926786,0.46649503172847784,0.6707124434545917,0.8930056016439466
2.187937937937938,1.7702493401497783,5.950699417599765,14.454118049592175,0.5326873938629848,1.5442916442512014,3.651314194157872,0.4087095747878984,0.7740751488905429,1.5626399109038835,0.4660172923806769,0.669854554225816,0.8923336575886074
2.1921921921921923,1.7677074456342454,6.003487696985079,14.431607727763211,0.5320016063936668,1.5423260365056382,3.6475428755649535,0.4070423489126942,0.775816284042899,1.5622400518163584,0.4653597115299648,0.6689676431343912,0.891604466187229
2.196446446446447,1.7651899121592098,6.056275976370394,14.409097405934247,0.5318298831934387,1.5415628958784033,3.6437715569720344,0.4053529903722242,0.7749625284510784,1.559167347985674,0.4646884264762664,0.6678561668616219,0.8907463878142132
2.200700700700701,1.7632390567163378,6.049632647983945,14.388624879530731,0.5318602324155559,1.541392612283971,3.6403084563890102,0.40364101972732136,0.7725543053667541,1.5543051334674907,0.4639941110305086,0.6664896767177347,0.8878427885940214
2.204954954954955,1.761290852240991,5.999319179799917,14.371167750997575,0.5318905816376732,1.5423232828276108,3.638129814334736,0.4019059669554985,0.7701086114433866,1.5498538568206501,0.463161461140823,0.6650969596820226,0.8848954340201388
2.2092092092092095,1.759342647765644,5.949005711615885,14.362453347017505,0.5318414516432325,1.5432539533712508,3.6359511722804614,0.400178976705478,0.767625303972285,1.5453338477236476,0.4622943933917208,0.6636139713021735,0.8819060610350482
2.2134634634634636,1.757394443290297,5.912696852129093,14.35531424243747,0.5316263628447534,1.5428261410382116,3.6337725302261874,0.3981147276849164,0.7651028523058159,1.5407355918253387,0.46146585118811223,0.6620117333800253,0.8788748480582426
2.2177177177177176,1.75544623881495,5.886483327223111,14.348175137857435,0.5320171219961077,1.540803102996569,3.6315938881719134,0.3954131769016205,0.762535957293552,1.5359748966618265,0.48418297587959896,0.660382218674428,0.875949815285619
2.221971971971972,1.7531432154289366,5.861261714610446,14.3410360332774,0.5300916536748392,1.536344408467381,3.6294152461176385,0.3927116261183242,0.7589256445301396,1.5303093139994792,0.4827120691121505,0.6584300662993856,0.8733845582958332
2.2262262262262267,1.7513290517131044,5.846981250580586,14.335546951538145,0.5256673956121862,1.527751666462993,3.62726507600677,0.3900100753350281,0.7542939269095974,1.5246437313371324,0.5660233213614108,0.6561357652833655,0.8707813095018941
2.2304804804804803,1.7495148879972726,5.8440557956435715,14.323528836465417,0.5224124509925645,1.5242391672629627,3.625224051098056,0.38730852455173237,0.7496622092890561,1.5189781486747866,0.520548166928043,0.6538087012803461,0.8681398223565975
2.234734734734735,1.7477007242814402,5.841130340706556,14.311510721392686,0.5192742704030149,1.5228812011452861,3.6231830261893414,0.38469420131999477,0.745030491668514,1.5133125660124396,0.5093622780675598,0.6516426062937939,0.8654588508141303
2.2389889889889893,1.7459387240229374,5.83820488576954,14.299492606319955,0.5163909684979955,1.5226850694617116,3.6211420012806266,0.3832490910981434,0.7403987740479718,1.508326187522762,0.478162184692813,0.649731223772563,0.862737097485292
2.2432432432432434,1.7445565324461436,5.835279430832525,14.287474491247227,0.5135076665929764,1.5224889377781372,3.6191009763719117,0.3834437341939306,0.736255920951548,1.505130761975846,0.4541941637525173,0.6477917658541223,0.860422038578099
2.2474974974974975,1.74313323114942,5.828625826497083,14.276858873074069,0.5112945152757127,1.522278419771405,3.6170599514631974,0.3836383772897177,0.7349147570692076,1.5018509032291367,0.4530650693539938,0.8679740924657386,0.8927210969683368
2.251751751751752,1.7393166901779884,5.814053546001395,14.2646017154621,0.5093568426313465,1.521630947713232,3.6147453372867564,0.38383302038550493,0.7343216860720077,1.4985710444824272,0.5812289864278166,0.8493497879379406,0.8977623377076737
2.256006006006006,1.735500149206557,5.794239399792094,14.240158924833928,0.5071465564698097,1.5176377224324404,3.6108647985400797,0.3840812924604561,0.7337286150748077,1.4952911857357178,0.5534301261587404,0.6441208241652874,0.8576112586033594
2.26026026026026,1.7310735821746794,5.774425253582793,14.215716134205756,0.5046124997636079,1.513646974005203,3.6069842597934025,0.38440626413774337,0.7331355440776077,1.4920113269890085,0.4527496018212005,0.6432064027759112,0.8566233090395319
2.2645145145145147,1.7248350144188684,5.75461110737349,14.191273343577585,0.5020784430574058,1.509696425727645,3.6031037210467254,0.3846186295029518,0.732510313707856,1.4887312650136253,0.45259415061661273,0.6426400691471037,0.8556102016671627
2.268768768768769,1.7185964466630572,5.734796961164188,14.160648290800616,0.4998541021675705,1.5057458774500871,3.5992231823000482,0.38453030915729525,0.7318480190789134,1.4855388349598673,0.4520509492643847,0.6425094340724476,0.8546648145866458
2.273023023023023,1.7123578789072473,5.716512241153554,14.11701654202896,0.49899162194533386,1.5034174063896197,3.595342643553372,0.3844419888116388,0.731158757019684,1.48234640490611,0.451494359809121,0.6427224006459453,0.8543035761991542
2.2772772772772774,1.7075130911589151,5.697091445333447,14.0752448759441,0.4998987959344065,1.5017287629618425,3.5914688033746165,0.3843536684659823,0.7304517680279499,1.479153974852352,0.4512486813790588,0.6429234010523939,0.8539224340597908
2.281531531531532,1.7041956327291998,5.66812734100079,14.03940537990658,0.5009159641813934,1.5027729957129248,3.587875550072016,0.3842814812941664,0.7297447790362157,1.4759615447985939,0.4510164995099233,0.6431123772565297,0.8535209480286952
2.285785785785786,1.7035590336690274,5.639163236668136,14.003565883869062,0.5019331324283802,1.504408654532012,3.584282654577962,0.38425153334151585,0.7290377900444818,1.4733012988807366,0.45077297507344916,0.6431856676755983,0.8530975149695601
2.29004004004004,1.7029224346088547,5.610199132335482,13.97652505087992,0.5029503006753671,1.506044313351099,3.580689759083908,0.38427155849347555,0.7284026533164827,1.4721633195169932,0.4505179828924922,0.6427664837093297,0.8524475775737752
2.2942942942942945,1.702285835548682,5.5812350280028244,13.9631844767144,0.5039674689223541,1.5043384042070467,3.5770968635898535,0.38468848262106425,0.7279303408309451,1.471797514251965,0.4499529294957657,0.6419382998352197,0.850950584294895
2.2985485485485486,1.7016492364885094,5.5520768817801684,13.949843902548883,0.5037139229391618,1.5021151919603215,3.573503968095799,0.385105406748653,0.7276804681955278,1.471431708986937,0.44935079743102435,0.6404756107820411,0.8494256256103626
2.3028028028028027,1.6998174359916276,5.522014079976572,13.936420214896827,0.5016472596477685,1.5013652156312298,3.5699110726017453,0.38535619199677873,0.7277335045247217,1.4710659037219092,0.4481468294123888,0.6389884510850555,0.8478703347685334
2.307057057057057,1.6911880424193106,5.492082162741358,13.921150616497087,0.49958059635637475,1.501027162804621,3.5682860683684234,0.3852478811195216,0.7277865408539155,1.470237955404687,0.4467266156356322,0.6374775949215683,0.8462866020034622
2.3113113113113117,1.682474962685637,5.462150245506145,13.900758964015177,0.49751393306498115,1.500689109978012,3.5670835246542585,0.38513957024226453,0.727512116751416,1.4682253481676386,0.4452984138841436,0.635941031005892,0.8446648464507325
2.315565565565566,1.6737618829519645,5.4239307967426535,13.868083443299223,0.49544726977358766,1.498708118914883,3.565880980940094,0.3850312593650075,0.7265687927723854,1.4639169646369932,0.44386196545297296,0.6338881336997556,0.8430328133307492
2.31981981981982,1.665048803218292,5.371669549662641,13.834311803714055,0.4935351800564433,1.4951897833242889,3.5646784372259295,0.38249780167678415,0.7256254687933548,1.4596085811063475,0.4427439004682048,0.6317251597559969,0.8392882657988735
2.3240740740740744,1.6563357234846183,5.319408302582622,13.80074463375111,0.49193109301703924,1.4916714477336943,3.5634758935117645,0.37985118415753416,0.7241651500515054,1.4553001975757014,0.4418858772032578,0.6295621858122379,0.83547682156844
2.3283283283283285,1.647170035895177,5.26714705550261,13.767177463788169,0.4913655678736127,1.4888502038464377,3.5622733497976,0.37768465008512936,0.7202211265269356,1.4509918140450557,0.441060825560027,0.6273992118684791,0.8316653773380069
2.3325825825825826,1.646200041827294,5.285369923833454,13.733723931481714,0.4908000427301861,1.4889671654225645,3.5623548826109928,0.37551811601272456,0.7166674016365897,1.4467110125324671,0.44023577391679614,0.6252362379247203,0.8278539331075738
2.336836836836837,1.650591457474913,5.32099341679852,13.700448007379027,0.4902345175867595,1.489201088914796,3.5634708526498806,0.3733515819403196,0.7140056152495361,1.4478032962656784,0.43941072227356526,0.6230732639809613,0.8240424888771404
2.341091091091091,1.6549828731225313,5.356616909763581,13.669396083106841,0.48966899244333295,1.4894350124070272,3.564586822688769,0.37118504786791484,0.7113438288624828,1.4489021238572763,0.4385856706303344,0.6212594996370967,0.8226797812101965
2.3453453453453452,1.6593742887701497,5.37511580067142,13.645889691285555,0.4889945932705961,1.4896689358992585,3.565702792727657,0.3695997859436777,0.7086820424754294,1.4500009514488745,0.4378296979335182,0.6197962632972871,0.8214925812908346
2.3495995995995997,1.6598287272770718,5.385929243506949,13.61489297631232,0.48807286331294497,1.4899028593914898,3.5668187627665446,0.3687946525237643,0.7060202560883759,1.4510997790404725,0.4372418657603543,0.6183330269574774,0.8203053813714725
2.3538538538538543,1.6562163902149531,5.396776552894813,13.581500585334942,0.4866637211313243,1.4889916764868585,3.5679347328054325,0.36866655424504824,0.7044155483106362,1.4521986066320705,0.436713100986154,0.6168697906176678,0.8191181814521105
2.3581081081081083,1.6526551804139284,5.387821193740043,13.552241964289278,0.48516475165599704,1.4852752834648735,3.5671465227134744,0.3682691195592429,0.7029997523846419,1.451779530048229,0.4361843362119538,0.6154065542778582,0.8179309815327485
2.3623623623623624,1.6490939706129035,5.358105043247878,13.522908576952695,0.48366578218066975,1.481558890442889,3.559237206818568,0.36765817793358535,0.7011755085548732,1.449682875157982,0.4356555714377536,0.6139471599958255,0.8167437816133865
2.366616616616617,1.6454523882002063,5.32838889275571,13.49357518961611,0.4820565493895804,1.4778424974209035,3.551327890923661,0.3670472363079277,0.6995604917475753,1.4467309125014076,0.4351268066635533,0.6128837838493527,0.8149910356009061
2.370870870870871,1.6415331678602998,5.298672742263545,13.464241802279528,0.48002544540399394,1.474126104398919,3.5434185750287552,0.3664362946822701,0.6979454749402776,1.4437789498448335,0.4345999251520116,0.612166851081904,0.8128143921167752
2.375125125125125,1.6347187406359822,5.26895659177138,13.434335646607707,0.4779943414184075,1.4704097113769339,3.535509259133849,0.3657832593227713,0.6963304581329799,1.4408269871882595,0.43414674396564495,0.6114499183144553,0.8106377486326442
2.3793793793793796,1.6261497763633264,5.233337062029467,13.40219413796074,0.4756023229111572,1.4667358075242445,3.5275999432389415,0.365271444642173,0.694715441325682,1.4378918079449914,0.43369524138513005,0.6107329855470065,0.808461105148513
2.3836336336336337,1.6111665877985764,5.173352770647222,13.368311013984108,0.4727641141533019,1.4649169646637157,3.518271933282119,0.3654914650652742,0.6938228140390117,1.4351434747233347,0.4332437388046152,0.6100160527795577,0.8062844616643821
2.3878878878878878,1.594393380178184,5.11603425711797,13.258847511330584,0.47101873874640265,1.4634031025727292,3.5074031779904282,0.36658783776186776,0.6931415147374078,1.432566025597818,0.4327922362241003,0.609299120012109,0.8050419411620369
2.3921421421421423,1.5777429692854699,5.058715743588712,13.149384008677048,0.47114097558824986,1.4618892404817423,3.496900891325276,0.3676842104584615,0.6933006202886645,1.429988576472301,0.4324242567847749,0.6089029725111932,0.8050406511480056
2.396396396396397,1.5610925583927555,5.001397230059453,13.02130707054198,0.47126321243009706,1.4603753783907556,3.486398604660124,0.3689010945371937,0.6936382689745657,1.427411127346784,0.4324859181995869,0.6088247476783507,0.8050393611339743
2.400650650650651,1.5444421475000432,4.9440787165302,12.792468622631231,0.47138544927194437,1.4588615162997691,3.475896317994973,0.3682454209203828,0.6939759176604668,1.425658504516928,0.4325220847946749,0.6087607826980124,0.8050380711199432
2.404904904904905,1.523307375073364,4.886760203000948,12.563630174720483,0.47150768611379157,1.4573476542087824,3.465371107719073,0.3669432950788898,0.6944139202926646,1.4246716520812037,0.4325350286759697,0.608696817717674,0.8050367811059118
2.4091591591591595,1.5036371255698542,4.849605098200282,12.42193451832875,0.47161885093028777,1.4556077907607015,3.4540346827352275,0.36564116923739653,0.6925153644955482,1.4243293598251787,0.4325479725572645,0.6086328527373357,0.8046311950592913
2.4134134134134135,1.5001485787564828,4.848171751936196,12.255188903416002,0.47058073072970363,1.4535423375150158,3.4425202910643566,0.3643390433959035,0.6905681599773292,1.4239870675691535,0.4325609164385593,0.6081738138281526,0.8029465428038715
2.4176676676676676,1.4979186367246857,4.866211281358226,12.121479317440357,0.4694597976267032,1.4514768842693302,3.4306453036930815,0.363448309088946,0.6889148175938704,1.4236447753131283,0.43257386031985406,0.6070907864396778,0.8012618905484516
2.421921921921922,1.4956886946928885,4.884250810780259,12.084982570754722,0.46833886452370266,1.4494114310236446,3.418770316321805,0.36319800911586764,0.6883788054010299,1.423193684975777,0.43207362927734083,0.6060004927425611,0.7995772382930316
2.4261761761761766,1.493458752661091,4.902290340202292,12.068612706624858,0.4672179314207021,1.447345977777959,3.4068953289505286,0.3629477091427892,0.6877142014622823,1.4225344837800316,0.43130101677600385,0.6048968212906877,0.7978925860376116
2.4304304304304303,1.478672276491099,4.92032986962432,11.97827052185983,0.46609699831770174,1.4452805245322735,3.395020341579255,0.3625276384610706,0.6868703254556074,1.4213199087095085,0.4304294526943213,0.6037931498388147,0.796207933782192
2.434684684684685,1.4633713673784285,4.9378821330835105,11.852016866087478,0.46487307392257204,1.4432038121001285,3.3887640186574175,0.36204534754486295,0.6857345177525109,1.4201053336389853,0.42955739564531736,0.6028697406028416,0.794523281526772
2.4389389389389393,1.4458515893253923,4.978067214822907,11.725763210315122,0.46356225012219704,1.4397505516370015,3.388539140694986,0.3615842090677776,0.6845987100494146,1.418890758568462,0.4286853385963134,0.6030312231470918,0.794229810732636
2.4431931931931934,1.427290482623162,4.941594975224865,11.49912899267956,0.46225142632182226,1.4360471625216693,3.386906760505158,0.36118288518955177,0.6834629023463183,1.4176761834979392,0.4281041803259078,0.6031927056913418,0.7945752869480177
2.4474474474474475,1.4087293759209318,4.905122735626821,11.254016566952874,0.4609406025214474,1.4323437734063371,3.384843452897445,0.36078156131132605,0.6823508053670443,1.416461608427416,0.4279737959354827,0.603354188235592,0.7949207631633994
2.451701701701702,1.3962444013110225,4.868650496028774,11.043110874411623,0.45997424200358317,1.4286403842910045,3.382780145289732,0.36038149282266135,0.681367417627551,1.4149496158520205,0.4278434115450577,0.6034016171148514,0.795266239378781
2.455955955955956,1.3865770630859027,4.832178256430731,10.832205181870393,0.459231434174982,1.4249369951756723,3.3807168376820194,0.35998294199811687,0.6803837242085302,1.4133860964763625,0.4277200697606932,0.6034137799271824,0.7956117155941628
2.46021021021021,1.3769097248607833,4.795706016832687,10.698509577537532,0.45854076086566964,1.42123360606034,3.3786535300743066,0.35958439117357227,0.6793999240016335,1.4118225771007045,0.42760768104664265,0.60302380755094,0.7952958550238818
2.4644644644644647,1.3673362799037099,4.759233777234641,10.618098970086663,0.45785008755635725,1.4175380512631968,3.36712082475254,0.3587412458606827,0.6784161237947367,1.4102590577250464,0.42748045397562995,0.6025618734809772,0.7939322007447074
2.468718718718719,1.3595532013425362,4.737453375437786,10.562490732712881,0.45715941424704476,1.4138860042989383,3.354054836729231,0.3578793132392092,0.6774323235878399,1.408695538349388,0.4271864253101873,0.6020999394110145,0.792568546465533
2.472972972972973,1.3541009779444435,4.72879474552091,10.561884426314554,0.4564369003367865,1.4102339573346803,3.3409689491184187,0.35697193018248075,0.6758471180894718,1.405905639078573,0.42689239664474476,0.6016380053410519,0.7912048921863589
2.4772272272272273,1.3528460792838892,4.7201361156040305,10.56127811991623,0.45563825897749255,1.4065819103704218,3.3278830615076034,0.3557447599943361,0.6739108973506285,1.401985781866828,0.4265983679793022,0.601179745180161,0.7898412379071845
2.481481481481482,1.3515911806233345,4.711477485687151,10.576553914742522,0.4547620903713344,1.4029298634061633,3.3147971738967885,0.35451758980619136,0.671637233207656,1.398065924655083,0.4263043393138595,0.6007547145125789,0.78847850008534
2.485735735735736,1.3503362819627802,4.702818855770274,10.60992596463221,0.4538859217651763,1.399277816441905,3.301711286285975,0.35371717927441987,0.6693635690646837,1.3939462788840797,0.4261135793778472,0.600325688586484,0.7871378403128101
2.48998998998999,1.349081383302226,4.6941602258533965,10.568763589382568,0.45300975315901815,1.3956257694776468,3.2869609121471015,0.35319204763167655,0.6670899049217116,1.3891284108900814,0.42596482695538285,0.5998759515150621,0.7857971805402801
2.4942442442442445,1.3481403557289058,4.6855015959365165,10.527601214132922,0.45213358455286,1.3841584244532936,3.263661414432999,0.3526669159889332,0.6653530077857017,1.3841493805540679,0.4257478822406506,0.5994262144436401,0.7844565207677501
2.4984984984984986,1.3344568278373037,4.669314043752822,10.48643883888328,0.44900508969109953,1.365609102470392,3.2330777218788986,0.3526394174639337,0.6642596072361007,1.3806142957791547,0.4254170568081716,0.5989764773722182,0.78311586099522
2.5027527527527527,1.3205281464860197,4.6514287807485,10.44527646363364,0.44406198802857144,1.3470597804874904,3.1918499493085837,0.3527802287916746,0.6641317221932652,1.3770792110042416,0.4250862313756926,0.5985267403007961,0.7817752012226901
2.507007007007007,1.3065994651347344,4.633543517744177,10.306547286235975,0.43859350290978616,1.328510458504587,3.1506221767382643,0.3528422565772896,0.6640038371504298,1.3735441262293282,0.4247554059432136,0.5981408240081361,0.7812964375606575
2.5112612612612617,1.292670783783449,4.615658254739854,10.199551440499967,0.4331250177910009,1.3099611365216837,3.1093944041679453,0.3526021166526596,0.6638759521075943,1.3700090414544146,0.4244245805107346,0.597963085177458,0.7812964648123415
2.5155155155155158,1.2877273511923035,4.59323890968785,10.09877699250326,0.4276565326722162,1.291411814538782,3.068166631597631,0.3523619767280297,0.663724044864439,1.3664739566795014,0.4241862350092992,0.5978153675067015,0.7812964920640255
2.51976976976977,1.2835908812697658,4.5689972498923215,9.998002544506559,0.4238525634715251,1.2728624925558805,3.0362614935724315,0.3519834562526243,0.6630295631089959,1.3620789606593868,0.42420930375928556,0.597667649835945,0.7812965193157095
2.5240240240240244,1.2793117304735637,4.536934354699705,9.954087413709182,0.42242590189455187,1.2644937542171164,3.0191046806078887,0.3513106328878157,0.6619252725859224,1.3570870844034144,0.42424492002767605,0.5975199321651887,0.7812965465673937
2.5282782782782784,1.2749191121925887,4.455624757316558,9.926936422540038,0.42292098964163477,1.2596809315034716,3.0119784333590656,0.35063780952300727,0.6605347038149854,1.3520952081474427,0.4242805362960665,0.5973722144944322,0.7812453044214298
2.5325325325325325,1.2705264939116137,4.351036669180718,9.905347546215056,0.42341607738871767,1.2572521938137842,3.0112574871310294,0.3499691919981137,0.6591441350440481,1.347103331891471,0.424316152564457,0.5971882580512808,0.7809837614984758
2.536786786786787,1.2667074742433124,4.246448581044866,9.891022910373758,0.4239111651358006,1.257568927011841,3.0105365409029927,0.34920103678481085,0.6577535662731108,1.3421114556354985,0.4243517688328474,0.5970201816805079,0.7807222185755218
2.541041041041041,1.2635747945704192,4.180230835359401,9.87669827453246,0.4234359505674006,1.2578856602098982,3.001075602720276,0.3476259516720238,0.6563666093587608,1.336910890232509,0.4242372061620746,0.5969374483158238,0.7804606756525677
2.545295295295295,1.260442114897526,4.115527457917619,9.867475488558355,0.41766504962725304,1.2439319329902858,2.989444963976741,0.3456235907145099,0.6549969684932281,1.3311032321583023,0.4235399965579834,0.59685471495114,0.7801991327296138
2.5495495495495497,1.2573094352246326,4.04933221898934,9.856192756450444,0.4167130778535899,1.2354975043540009,2.9778143252332043,0.3441280065307455,0.6537529347776493,1.3262722623867145,0.42284278695389216,0.596771981586456,0.7799375898066597
2.5538038038038042,1.2512208084814191,3.9777452947855645,9.812536288182272,0.41244286578283856,1.2259919795539207,2.966183686489668,0.3450775752356723,0.6525089010620705,1.32483607625803,0.4221455773498009,0.596689248221772,0.7796760468837056
2.5580580580580583,1.241329503140442,3.942240586851125,9.76887981991411,0.4079406870466883,1.215713347623975,2.9450389952281997,0.3460271439405991,0.6512648673464918,1.323566684406507,0.4214483677457097,0.5966066911226029,0.7792932104233028
2.5623123123123124,1.231438197799465,3.906735878916686,9.718534609420427,0.4035033727113794,1.2054347156940288,2.919988575827551,0.3455060751165776,0.6500279194229166,1.3235497594721388,0.42075115814161856,0.5965241789293418,0.7786493187922009
2.566566566566567,1.2215468924584871,3.8712311709822433,9.628595740304872,0.4009383482588328,1.1951560837640818,2.8949381564269006,0.34496963572137107,0.6489249223314852,1.3235328345377706,0.420052426371485,0.5959536391857392,0.778005427161099
2.570820820820821,1.21165558711751,3.8357264630478043,9.538656871189328,0.39837332380628643,1.184877451834136,2.869887737026252,0.34453318300876923,0.6477434855980119,1.3235159096034026,0.4194415185836795,0.5951085316933853,0.777361535529997
2.575075075075075,1.201764281776533,3.800221755113365,9.464061465404294,0.39580829935374007,1.17459881990419,2.8448373176256037,0.34409673029616733,0.6465025918536048,1.3234989846690346,0.4191765664564492,0.5942634242010314,0.7767176438988951
2.5793293293293296,1.194124142268918,3.7639617834944414,9.370445643275673,0.39370478016085564,1.1644931378669932,2.8197868982249528,0.3436624639060748,0.6452616981091975,1.3223002281398497,0.41891161432921886,0.593250895595671,0.7760737522677931
2.583583583583584,1.182628026064378,3.725072767839241,9.276824593169806,0.39304727846529286,1.1571281756393044,2.7947364788243014,0.3432291199163646,0.6440208043647904,1.3180138059318782,0.4186466622019886,0.5917094591649465,0.7742452488556035
2.5878378378378377,1.1671664576451306,3.676702423998446,9.203381707472294,0.3923959830700197,1.151756204157003,2.775921142169129,0.34279577592665456,0.6427188509649313,1.3136131302695002,0.4182504987955069,0.5901680227342226,0.7720348351060461
2.5920920920920922,1.1517048892258799,3.628332080157641,9.137010588294837,0.3926657969356675,1.1465772942656538,2.75913715574546,0.3412292815748479,0.6413500619028478,1.3092124546071215,0.41764577246887935,0.5886265863034983,0.7698244213564882
2.5963463463463468,1.1362433208066292,3.5799617363168355,9.020756061753364,0.39330347053993053,1.1413983843743045,2.74235316932179,0.3392944762500953,0.6394128948920845,1.3048117789447427,0.41704104614225185,0.5873762502089135,0.7676140076069303
2.600600600600601,1.12078175238738,3.5315913924760354,8.877844959901037,0.39394114414419346,1.1362194744829557,2.7255691828981217,0.33742035272669213,0.6374659629455975,1.3004111032823642,0.416407776676383,0.5862749478934661,0.7654035938573727
2.604854854854855,1.105320183968131,3.483221048635235,8.697331303832758,0.39457881774845643,1.1310561347991916,2.708785196474454,0.33557685021888783,0.6355190309991106,1.296010427619986,0.41566553328158823,0.5857616098089093,0.7634660980796127
2.6091091091091094,1.0898586155488803,3.4384529227499887,8.516817647764459,0.3930606063650638,1.1258680071684029,2.6920012100507837,0.3327579306140447,0.6335720990526235,1.2822164516451795,0.4149232898867934,0.5855901913907897,0.7631562962405782
2.6133633633633635,1.0776097395834174,3.40481174052406,8.33630399169618,0.3904533734389798,1.1213090162353228,2.675217223627116,0.3286373428068039,0.6286647579540046,1.2650931138104458,0.41463659570603567,0.5854187729726703,0.7628464944015437
2.6176176176176176,1.0727574850909498,3.3881087146084807,8.302571689528968,0.3878367481615081,1.1169313830630974,2.660538940585993,0.32379783861916567,0.6212561051320695,1.247969775975712,0.4144928169994079,0.5852473545545509,0.7625366925625092
2.621871871871872,1.0679052305984815,3.3714056886929002,8.241630552539068,0.38532788598285783,1.1125537498908717,2.646683669361794,0.3189583344315269,0.6100592685859466,1.230846438140976,0.4143490382927802,0.5850759361364314,0.7622268907234748
2.6261261261261266,1.0630529761060132,3.3547026627773198,8.088714330129601,0.38373492185768804,1.1081761167186461,2.632828398137595,0.315299397033172,0.5988624320398238,1.2137231003062405,0.4142052595861524,0.5848408426201885,0.7619170888844402
2.6303803803803802,1.058200721613546,3.3379996368617424,8.040525505415628,0.3807043534379647,1.1037984835464212,2.618973126913398,0.3131189741129724,0.5876655954937033,1.1995386628437883,0.41403556460898283,0.5840124359144797,0.7610246119991122
2.6346346346346348,1.053348467121078,3.321296610946162,8.054068054593108,0.37863971100956945,1.0994208503741953,2.6051178556891985,0.31320468026707055,0.577824206298766,1.1931118404807286,0.4136667826296707,0.5831688029138329,0.7595008178971362
2.6388888888888893,1.0484962126286097,3.3062274653364763,8.0751864453879,0.37590245778595216,1.0950432172019697,2.5912625844649995,0.31370115208281907,0.5778952396450419,1.1882263744823796,0.4129879945195717,0.582325169913186,0.7579770237951601
2.6431431431431434,1.0455521456069814,3.3001532337077397,8.09630483618269,0.37368321318844744,1.084587240566472,2.5774073132408013,0.31369341669012707,0.5779662729913178,1.190840391865991,0.41230920640947266,0.5814815369125392,0.7564532296931841
2.6473973973973974,1.0485269844062912,3.303420497231845,8.106769014549561,0.3700835031194979,1.073958424283532,2.5630032738826323,0.31120098531079216,0.5780373063375936,1.1934544092496029,0.41163041829937363,0.5806379039118925,0.7549294355912082
2.651651651651652,1.0519509479343867,3.3075690065365366,8.113759620079673,0.3662649958781049,1.063329608000591,2.548237199052523,0.30943819062710787,0.5781083396838693,1.1960684266332149,0.41095163018927455,0.5798248973020901,0.7534056414892321
2.655905905905906,1.055374911462482,3.3117175158412273,8.136585622058426,0.36258712552256245,1.0527007917176512,2.5260522057800436,0.3082295727538467,0.5781793730301452,1.191941717198918,0.4102728420791756,0.5789507492365382,0.7512206114241529
2.66016016016016,1.0587988749905772,3.315866025145918,8.159669958560372,0.362313259208101,1.04597175812812,2.498772866253276,0.3064773702421847,0.5731985897081484,1.182431201212923,0.4095651512053235,0.5779040756644247,0.7488302632384698
2.6644144144144146,1.0622228385186727,3.3200145344506096,8.18275429506232,0.3627683171637188,1.0399675162969602,2.4714935267265057,0.3028388216178812,0.565925376705483,1.1611095334219728,0.4088260109181924,0.576857402092311,0.7464399150527865
2.668668668668669,1.0656468020467682,3.3241630437553003,8.205838631564268,0.36322337511933656,1.0349040902440054,2.4472423903934764,0.29998614800083073,0.5593880391187936,1.1383192438971375,0.4080874409951124,0.5758107285201972,0.7440495668671032
2.6729229229229228,1.0692224878383176,3.3298969225924404,8.218908438383679,0.36337510048659655,1.0291553145116121,2.429592437121535,0.29821406604419787,0.5505027935115725,1.115528954372307,0.40734887107203266,0.5747640549480837,0.7423251401080747
2.6771771771771773,1.073519158625883,3.3389913587590447,8.230548453376064,0.36040678725480474,1.0198642195214382,2.410064744964547,0.2964419840875646,0.5422334403272981,1.0927386648474717,0.4066103011489527,0.5737748870633885,0.7414443397977115
2.681431431431432,1.0780212582384827,3.349385780218136,8.244084202830198,0.3574384740230129,1.0105731245312646,2.3880698568022165,0.29466990213093136,0.5385736930056445,1.0808809749505748,0.4058717312258727,0.572844086439209,0.7405635394873483
2.685685685685686,1.082523357851082,3.3597802016772267,8.257619952284326,0.3544701607912214,1.0012820295410918,2.3660749686398885,0.29289782017429833,0.5349139456839913,1.0727624292957607,0.40509842438601973,0.5719167494359846,0.7396827391769852
2.68993993993994,1.0870254574636813,3.3701746231363163,8.276938440237014,0.3515018475594299,0.9919909345509191,2.3440800804775606,0.2911257382176652,0.531254198362338,1.0646438836409464,0.40429913684684626,0.5710005169489245,0.7388019388666222
2.6941941941941945,1.091527557076281,3.3805690445954077,8.308962975282071,0.3486810114052343,0.9826998395607455,2.32208519231523,0.2911706587776231,0.5275944510406845,1.0565253379861312,0.40211183435752496,0.5700842844618643,0.737921138556259
2.6984484484484486,1.0960296566888803,3.390963466054498,8.340987510327126,0.3480970788983583,0.9759419505669908,2.299716061726609,0.29189590015452327,0.5239370686784872,1.0489924115943259,0.39941855009264826,0.5691680519748044,0.7368686716805086
2.7027027027027026,1.1003277283018642,3.3983458537288596,8.373012045372182,0.3483159471070196,0.9705971738384416,2.270900174622848,0.2926211415314234,0.5223404994960412,1.0475899869373058,0.39672526582777157,0.5681073406810115,0.7357160327906087
2.706956956956957,1.1030212698492137,3.4047053017507736,8.400793586658946,0.3468727559285783,0.9647012653691753,2.2434640169146745,0.29334638290832366,0.5225022821538181,1.0529828507805488,0.39403198156289454,0.5669780304578371,0.7345633939007086
2.7112112112112117,1.104984331548561,3.4113348612008676,8.421649604848636,0.3453550627360647,0.9556234301085423,2.2219141632392505,0.293506735944875,0.522664064811595,1.0587625301514554,0.3912115693735648,0.5658487202346628,0.7334107550108084
2.7154654654654657,1.1036442098192145,3.4179644206509607,8.428809297251817,0.3438373695435512,0.9432743567416759,2.18155984208207,0.2918316215419758,0.5228258474693719,1.0645422095223616,0.3883456654509696,0.5647194100114885,0.7322581161209085
2.71971971971972,1.1020310250705607,3.4245939801010548,8.42019530524842,0.34231967635103777,0.9309252833748097,2.15066813015863,0.2901565071390766,0.5229876301271488,1.0703218888932673,0.3854797615283744,0.5609512130545506,0.7311054772310086
2.7239739739739743,1.1008626141362825,3.431223539551149,8.41158131324502,0.3366700326194084,0.9155361375093312,2.1202753250185564,0.28833656785227935,0.5231494127849257,1.0712687452988143,0.38332953005032433,0.5569859517165903,0.7226857155028731
2.7282282282282284,1.1004538155075365,3.4378530990012424,8.402967321241618,0.3292345211556549,0.8981622190162619,2.0898825198784863,0.2864431492579803,0.5212083191582562,1.0676489563690004,0.38221793362413636,0.5503247718720871,0.712077946616172
2.7324824824824825,1.1000450168787905,3.443891573612588,8.39499593431557,0.32129823254854956,0.8836413179637581,2.0675225778526523,0.28454973066368117,0.5163939437678005,1.0533618752878215,0.37958912237333287,0.5430134004188649,0.701470177729471
2.736736736736737,1.0992217745105188,3.449127798786051,8.400950185406693,0.3120920600020966,0.879165933092704,2.048435548267462,0.28309339137436473,0.5115912998376825,1.0390747942066412,0.3771861218567161,0.535702028965642,0.6908624088427687
2.740990990990991,1.0983018583264534,3.4572753351252192,8.403702290555698,0.30886891565004737,0.8752601208261549,2.035948270740918,0.28248155125989227,0.5067886559075649,1.0247877131254626,0.3727555999342187,0.5283906575124199,0.6802546399560676
2.745245245245245,1.096757786357165,3.465422871464387,8.406454395704703,0.30571993453631907,0.8713543085596058,2.0252754497139627,0.2818697111454198,0.5019860119774475,1.0105006320442838,0.36832507801172126,0.5210792860591977,0.6696468710693666
2.7494994994994997,1.0951695595898463,3.473570407803556,8.40920650085371,0.30565145984554587,0.8674484962930564,2.0146026286870065,0.28125787103094724,0.500573954745902,1.0031123167724973,0.3638945560892234,0.515179529226661,0.6687247067338564
2.7537537537537538,1.0935813328225281,3.4817179441427246,8.411958606002717,0.3057083751495787,0.8635426840265075,2.0039298076600516,0.28004654815068364,0.49923835867245875,0.9998812146135296,0.3610092706254472,0.514156354579441,0.6694984279623237
2.7580080080080083,1.0919931060552095,3.4898654804818934,8.412591723417936,0.3057652904536115,0.8596368717599581,1.9932569866330954,0.2770986618915178,0.4979027625990153,0.9966501124545613,0.35984048817864256,0.5136343913526209,0.6702721491907911
2.7622622622622623,1.0904048792878913,3.4849354689137484,8.394346997144567,0.3058403368009539,0.8442499341400658,1.9850957002408958,0.27434305683715576,0.49598797160223884,0.9934190102955933,0.3586710238998574,0.513112428125801,0.6710458704192586
2.766516516516517,1.0887619213824684,3.477737679372373,8.376102270871197,0.3066313731994324,0.8461563580262335,1.9833560438855051,0.27188618453797575,0.4920974938937244,0.9906070007034578,0.3575015596210721,0.512590464898981,0.6718195916477259
2.770770770770771,1.0882281721410112,3.4703700852640114,8.355986550811785,0.3076500078433115,0.8508546540351933,1.9836917218292038,0.26942931223879607,0.4882126007176467,0.9899689565881156,0.3561318004790742,0.5101925669245599,0.6725933128761932
2.775025025025025,1.0877298901179575,3.46300249115565,8.334444115323443,0.3086686424871905,0.8572948059007698,1.988190083891711,0.2669724399396163,0.4850813696781184,0.9904059388101769,0.3513610969085186,0.5049628150836551,0.66202567438455
2.7792792792792795,1.0872316080949038,3.455634897047287,8.321985083252688,0.3096872771310697,0.8585500121884149,1.9926884459542191,0.2645155676404364,0.4819501386385897,0.991440349300674,0.34829533329558626,0.4996689847942979,0.6498885566358215
2.7835335335335336,1.0867333260718504,3.4482673029389255,8.315378255289486,0.31052779667903574,0.85980521847606,1.9971868080167265,0.26042103687449353,0.4788189075990613,0.9869401859827078,0.34577712983221476,0.4933971358634189,0.637751438887094
2.787787787787788,1.085298895283342,3.440899708830563,8.308771427326285,0.3112131088576948,0.861060424763705,2.0016851700792344,0.25980113512322245,0.47729721501263245,0.9799881738625384,0.3434459045386964,0.4871252869325392,0.6283812458202223
2.792042042042042,1.0827821880696602,3.433532114722201,8.302164599363081,0.3117162924263355,0.8623156310513501,2.006183532141742,0.25911078855035347,0.4758659252440487,0.9721415166147598,0.3401832517618172,0.48085343800166025,0.6198371455152814
2.7962962962962963,1.0802654808559784,3.428148533241425,8.29485724335272,0.3120227297295812,0.8636608883963806,2.011539266859248,0.25681875851956104,0.47416149251660117,0.9605895263610073,0.3361979498942913,0.4756350923182107,0.6112930452103406
2.800550550550551,1.0783901676446521,3.4260515929465902,8.280093425662624,0.312329167032827,0.8656099366014096,2.017157286563887,0.2546648085808488,0.4695753191983154,0.9511171198040946,0.3322126480267651,0.47216240976042556,0.6056199423272421
2.804804804804805,1.0766323937442959,3.423954652651755,8.271839729796824,0.3126356043360726,0.8676037636744078,2.023717128261762,0.25267666172444525,0.4649328175393721,0.941644713247183,0.3288606605551781,0.46868972720264074,0.6003428855097706
2.8090590590590594,1.076586488415613,3.4218577123569203,8.263586033931023,0.3132640903292415,0.8695975907474063,2.030520236994935,0.25151695387531325,0.46029031588042835,0.9321723066902703,0.32660672358660736,0.4652170446448556,0.5950658286922983
2.8133133133133135,1.0766806223970589,3.4197607720620855,8.255332338065223,0.3148226767763228,0.8717001011894001,2.0373233457281072,0.24976193027945726,0.45564781422148504,0.9262438523102385,0.3243527866180368,0.46205268567832014,0.5897887718748267
2.8175675675675675,1.0767747563785042,3.4176638317672507,8.251177328686065,0.31642203545633296,0.8753161908556383,2.0441264544612796,0.248022229140248,0.45227936395913004,0.9227009726918893,0.3220988496494662,0.4592001580106915,0.5862806191257062
2.821821821821822,1.07686889035995,3.4155668914724155,8.250680370510464,0.31802139413634334,0.8801868244505788,2.050929563194453,0.2465777928134315,0.45062664540327346,0.9191580930735399,0.3200516940123196,0.4571627159537872,0.5861821650582593
2.826076076076076,1.0769630243413955,3.4134699511775812,8.250183412334861,0.31925059333332356,0.8850574580455189,2.0573524728411816,0.24513335648661516,0.4471661546364965,0.9156152134551907,0.3180222793614197,0.4570493301971052,0.5860837109908122
2.8303303303303307,1.0771522005037897,3.4134320768532644,8.24968645415926,0.31990457211787293,0.8886719857350364,2.061837940156126,0.24368892015979865,0.44157314463768715,0.9099603333693351,0.3165430816984086,0.45693594444042307,0.5859852569233652
2.8345845845845847,1.0768432650202837,3.41400607245966,8.25049244876831,0.31945270506940027,0.8896677273599625,2.065887564066907,0.2422444838329823,0.43796897463090534,0.9038419239296873,0.3165558463787436,0.45682255868374105,0.5870509834518456
2.8388388388388393,1.0763599414236542,3.414580068066055,8.253171957597523,0.3188688709437762,0.8906634689848889,2.0678123407012494,0.23956732200718173,0.4345570098913777,0.8905473700956003,0.31656861105907863,0.4567091729270589,0.5901189350452382
2.8430930930930933,1.0758766178270252,3.4151540636724507,8.253570066298263,0.31828503681815223,0.8916592106098151,2.069737117335591,0.2356799238066995,0.42974734782906776,0.8696030612121921,0.3165813757394137,0.4542592419958371,0.5916235154459567
2.8473473473473474,1.0753932942303956,3.415728059278846,8.250616739208056,0.3177012026925282,0.8926549522347413,2.071661893969933,0.2318141227030515,0.42017491154934855,0.8486587523287841,0.31659414041974876,0.4510536019498341,0.5854329592282697
2.851601601601602,1.0748529311583777,3.416302054885241,8.247663412117848,0.3172337644437868,0.8946061733931074,2.073586670604275,0.22852044468953348,0.41360809464364223,0.8277144434453738,0.3150529440792348,0.44789088987761805,0.5792424030105818
2.855855855855856,1.0740986977688793,3.416876050491637,8.244710085027641,0.31702760507144667,0.8971489408312788,2.075511447238617,0.22541531762275907,0.40852802237755553,0.8067701345619658,0.31268112131010084,0.4447281778054023,0.5730518467928948
2.8601101101101105,1.0733444643793812,3.4170214380742348,8.241756757937434,0.3170529429532929,0.8996917082694504,2.0774564072371833,0.222892726060763,0.4061330180317553,0.7991034478839605,0.3103092985409666,0.4415654657331862,0.5668612905752071
2.8643643643643646,1.0721137254363668,3.411893120686353,8.235721320755175,0.317078280835139,0.902291988502715,2.079423789723501,0.22177702090128523,0.40426414786469267,0.7971947289591749,0.30793747577183267,0.43840275366097053,0.5621288263789554
2.8686186186186187,1.0704629373443626,3.406764803298471,8.224622006261246,0.31710361871698517,0.9048970227081994,2.080970565666754,0.22066131574180747,0.40239527769763006,0.7952860100343893,0.3055656530026987,0.43606194795359887,0.5576986362258765
2.872872872872873,1.0688191190123408,3.401636485910588,8.211730349250722,0.3170016463627229,0.9057836195001718,2.081989600414097,0.2195456105823296,0.4005264075305673,0.7933772911096035,0.3031938302335645,0.4344651148344414,0.5552598821388355
2.8771271271271273,1.0671806431893334,3.396508168522706,8.198838692240198,0.3164646226118384,0.9066264960279852,2.0811556216299194,0.2185441359054212,0.39865753736350473,0.7914685721848178,0.3013485936304128,0.43285973531398075,0.552821128051795
2.881381381381382,1.065542167366326,3.3913798511348237,8.186410039103738,0.31561557651822647,0.9074693725557987,2.0794427871340044,0.21789430793796433,0.3967886671964419,0.789559853260032,0.30011234968436185,0.43118126989308814,0.5503793756355386
2.885635635635636,1.0639036915433184,3.3862515337469414,8.17759278417601,0.3147665304246146,0.9083122490836122,2.07772995263809,0.21799419289853794,0.3949197970293793,0.7886203662823261,0.298667250989801,0.42950280447219563,0.5478507068661702
2.88988988988989,1.062265215720311,3.381123216359059,8.168775529248283,0.3139638901345061,0.9091551256114255,2.0760171181421754,0.21819795709124978,0.39368120963276776,0.7882041944952036,0.2970066456674388,0.4278243390513031,0.5457958055092214
2.8941441441441444,1.0608705621447516,3.375565392743577,8.159958274320555,0.3146819522739198,0.9099661700638,2.0743042836462604,0.21840172128396163,0.39469932655693823,0.7889410796433798,0.2953460403450764,0.42630341513825865,0.545065097264251
2.8983983983983985,1.0593767520497086,3.3689641872862186,8.151141019392828,0.31520875549124067,0.9112221778317808,2.0725914491503454,0.2186054854766735,0.3957328836234085,0.7918961413395441,0.29368543502271416,0.4251673967789173,0.5456660556936793
2.902652652652653,1.0578376417350044,3.3623629818288587,8.138132931980682,0.31544765216226867,0.9127089466663134,2.070054555780884,0.21880924966938536,0.39676644068987893,0.7948512030357087,0.2921520116874035,0.42403137841957583,0.5462670141231079
2.906906906906907,1.0562985314203004,3.3557617763714997,8.122595284421262,0.31525923903428826,0.9141957155008457,2.067019097144549,0.21881340132117544,0.3977999977563492,0.7966729723523838,0.2910974756525367,0.42289536006023454,0.5468679725525363
2.911161161161161,1.0548073567757574,3.3491605709141408,8.107057636861844,0.3150708259063078,0.915682484335378,2.063983638508214,0.2187844455697806,0.39883355482281957,0.7984374340940075,0.29004293961766986,0.42157883623205955,0.5474689309819647
2.9154154154154157,1.0535352650214769,3.342559365456781,8.091519989302423,0.3148824127783274,0.9171573439247288,2.060948179871879,0.21879749312153457,0.3998671118892899,0.8002018958356312,0.2889884035828029,0.41885110490412003,0.5478733190309997
2.91966966966967,1.052263173267196,3.3392093082705343,8.075982341743003,0.31428663773176146,0.9180020439041381,2.057912721235544,0.219037596193529,0.40090066895576026,0.8019663575772549,0.2881906964273608,0.41543817689607987,0.5419196083428381
2.9239239239239243,1.0509910815129153,3.339261929123331,8.064513030257833,0.31356350195332006,0.9188467438835475,2.0548772625992093,0.21933915561824535,0.4020681745397704,0.8037308193188787,0.2879883299738127,0.4120252488880394,0.5359658976546761
2.9281781781781784,1.049718989758635,3.338992715506576,8.054839646870034,0.3128926396946434,0.9189846579935979,2.0518418039628745,0.2199661772088919,0.40349011259162554,0.8056947869398801,0.28548424233903436,0.4086123208799993,0.5300121869665144
2.9324324324324325,1.0482002738294063,3.33334218088849,8.045152312691641,0.31224807419234557,0.9171290151543516,2.0488063453265397,0.22059319879953848,0.40491205064348074,0.8091825564312938,0.28291287841888596,0.40519939287195916,0.5240584762783529
2.936686686686687,1.0465783770162336,3.3202753871217707,8.033958198716846,0.3116455654067172,0.9153306806708095,2.048051340072109,0.22122022039018507,0.40633398869533605,0.8134048625344581,0.2803415144987373,0.40178646486391867,0.5198780627982025
2.940940940940941,1.044956480203061,3.307208593355053,8.02276408474205,0.31162023515671555,0.9136882385888743,2.0481419747624727,0.22184724198083167,0.40775592674719124,0.8176271686376217,0.2777701505785889,0.39871848987441333,0.5202533625184926
2.9451951951951956,1.0433345833898884,3.2941417995883335,8.012016710031297,0.31159490490671393,0.9120457965069386,2.048232609452836,0.2224742635714783,0.40917786479904655,0.8218494747407861,0.27552729313949037,0.3966442160946313,0.520628662238783
2.9494494494494496,1.041712686576716,3.2822200047751124,8.00130086939689,0.31144084218039747,0.9104033544250034,2.0483232441431993,0.22311433048730034,0.4105998028509017,0.8260717808439497,0.2747584573555478,0.3944024722054452,0.5210039619590734
2.9537037037037037,1.0400907897635432,3.2742290847879585,7.990585028762482,0.3102350601865052,0.9087609123430681,2.0484138788335624,0.22380189096259878,0.4120217409027569,0.8274837454482464,0.2749310004619523,0.3921607283162592,0.5213792616793637
2.9579579579579582,1.038461073533697,3.2662381648008036,7.979869188128072,0.30902927819261283,0.9072202645535841,2.0454031761241387,0.22448949068908544,0.41303236377477504,0.8284555945671013,0.27510354356835676,0.38991898442707296,0.521754561399654
2.9622122122122123,1.0367166142182591,3.2598344093289215,7.969153347493664,0.3082456702915365,0.8964296997843786,2.047866249579147,0.22517709041557202,0.4128009806933326,0.828987300970818,0.27322011271050106,0.38604134142627833,0.5221298611199443
2.966466466466467,1.0354319725600547,3.2553486911638227,7.95855731917297,0.3095685880851877,0.8786696358312163,2.048685782904653,0.22586469014205868,0.4121618078436369,0.8290863338641351,0.2703678427700663,0.38017497467259115,0.5083244143802125
2.970720720720721,1.034204569003783,3.250862972998724,7.95085446293451,0.3109803314121551,0.9059098888653832,2.0499165473233787,0.22655228986854523,0.41152263499394126,0.8292832374753538,0.26969516251590697,0.37430860791890463,0.49285972139460055
2.974974974974975,1.0329771654475113,3.246377254833625,7.942068202798708,0.310984194308052,0.9140234860113795,2.0515370689109567,0.2272398895950318,0.41088346214424565,0.8310605268875473,0.267522156755305,0.36844224116521807,0.4773950284089886
2.9792292292292295,1.031630061636279,3.2418915366685264,7.933281942662907,0.31081106395982855,0.9139680190321224,2.053157590498534,0.22792748932151843,0.4108408518207135,0.832837816299741,0.2647081895372322,0.36302691177162255,0.46193033542337514
2.9834834834834836,1.0299122732657757,3.22491640841272,7.924495682527105,0.31063793361160513,0.8782621499347234,2.0547781120861117,0.2286191905805633,0.4109301563495135,0.8346151057119344,0.26210792614623063,0.3584782983710447,0.4493837927820148
2.987737737737738,1.0281944848952724,3.195323478946129,7.915709422391304,0.3113833818809296,0.8742759662475007,2.05639863367369,0.2295024757603355,0.41101946087831354,0.8363923951241282,0.262135578153113,0.3539780628010638,0.44859376680179675
2.991991991991992,1.0264766965247694,3.165730549479541,7.904408314753308,0.3127246646545707,0.8737876837856549,2.0580191552612677,0.23039434421359306,0.41098225871307803,0.8381696845363217,0.26226103403090595,0.35332402255698425,0.44818541842420945
2.9962462462462462,1.024758908154266,3.1548517741048827,7.892031770868811,0.3140659474282118,0.8732994013238089,2.059639676848845,0.23128621266685062,0.4114338119730173,0.8399552498943711,0.2552528333025246,0.3526699823129047,0.44850474311668365
3.0005005005005008,1.0225137524539296,3.126321794433462,7.879655226984312,0.3142919744487168,0.8722206254679563,2.061260198436423,0.23217808112010827,0.411976282035683,0.8403904918185416,0.2539407334888631,0.35201594206882514,0.44882406780915796
3.004754754754755,1.0199137057963377,3.12033335795838,7.864121002754876,0.31411248654122775,0.8712018442486203,2.0608672285672247,0.23306994957336583,0.412233098125634,0.8399084956783335,0.2539594347620864,0.3513619018247456,0.4491433925016322
3.0090090090090094,1.0173136591387455,3.1143449214832972,7.848434318478729,0.313959104904293,0.8708519358792142,2.0594725032962473,0.23396181802662347,0.41195057612021146,0.8394264995381253,0.2538597607058754,0.3507845857772709,0.4494627171941065
3.0132632632632634,1.0147136124811538,3.1083564850082146,7.832830205224228,0.31380572326735834,0.8705020275098079,2.05807777802527,0.23485368647988103,0.4116680541147889,0.838944503397917,0.25306461632005794,0.3508928674570537,0.4507083253738039
3.0175175175175175,1.012113565823562,3.102368048533133,7.817242928938125,0.3136523416304236,0.8701521191404018,2.056683052754293,0.2357262852634436,0.4113855321093663,0.8384625072577089,0.2522694719342405,0.3517496368320433,0.4526251571335802
3.021771771771772,1.0102492176770346,3.0963796120580502,7.80165565265202,0.31349895999348887,0.8698022107709955,2.055288327483315,0.23618230092353829,0.4111030101039437,0.8389855224809699,0.2531576280730832,0.35260640620703293,0.45454198889335673
3.026026026026026,1.0091050636469776,3.090391175582968,7.786068376365916,0.3133455783565542,0.8691457913693201,2.053893602212338,0.23659939404319827,0.4110968271196729,0.8399130202043689,0.2558439022166983,0.3534631755820225,0.45645882065313303
3.0302802802802806,1.0079609096169202,3.084597178364692,7.770481100079811,0.31300208287399833,0.8677799096103656,2.0524988769413604,0.2370164871628583,0.4113592915439567,0.8407719234514903,0.2585301763603136,0.35431994495701213,0.45837565241290956
3.0345345345345347,1.0069849051536202,3.070372392959645,7.758300145572601,0.31236862722260983,0.8836823339715292,2.0511041516703834,0.2374335802825183,0.41157977518744604,0.8414684885585184,0.2583601667346709,0.3551767143320017,0.4594358018359369
3.038788788788789,1.0060926267558803,3.050973537291986,7.748352774565543,0.31172965354223575,0.903969373439806,2.049149358020248,0.2378506734021783,0.4118002588309355,0.8421650536655467,0.25755446534463644,0.3557648197914542,0.4600813470816457
3.0430430430430433,1.00478687686397,3.031574681624329,7.738938809662775,0.31109058086651586,0.8950326893572351,2.0466274153076762,0.23826776652183831,0.4120207424744249,0.8427018130605919,0.2575558731694446,0.3561747758782008,0.4607268923273544
3.0472972972972974,1.003188733152414,3.0037131266639223,7.7295248447600065,0.3104515081907959,0.8816505159142778,2.0441054725951044,0.23868485964149827,0.4119783502532433,0.843197094304589,0.26203247897775217,0.35658971057241473,0.46137243757306323
3.051551551551552,1.001590589440858,2.9743024617193283,7.720110879857237,0.3100160882401549,0.9001939426772608,2.0415835298825327,0.2391019527611583,0.41169937763040304,0.8436923755485863,0.2665090847860603,0.35713099554063565,0.46201798281877204
3.055805805805806,0.999992445729302,2.944891796774738,7.70899221496696,0.3098187873915046,0.900519687218325,2.039061587169961,0.2379324852339038,0.41142040500756283,0.8441876567925837,0.26817958101732153,0.35767228050885647,0.46266352806448086
3.0600600600600605,0.9983943020177459,2.915481131830144,7.697854162567143,0.30962148654285426,0.9003461442210723,2.036539644457389,0.23618044859983686,0.41114143238472256,0.8446829380365808,0.26685500004623575,0.35867704682714996,0.4634839895846664
3.0643143143143146,0.9966610304319745,2.8827770730855846,7.6867161101673265,0.30942418569420405,0.9001726012238194,2.0340177017448178,0.23442841196577013,0.41046894244004806,0.8450588644250472,0.26553041907515007,0.3599262332965635,0.46630646264488407
3.0685685685685686,0.9947420246893965,2.847702285320531,7.6755780577675115,0.3092268848455537,0.8997535119887463,2.0314957590322464,0.23267637533170338,0.4094183216906989,0.8432334226819526,0.2660458929528002,0.361175419765977,0.4691289357051017
3.072822822822823,0.9926729382876571,2.809170088064374,7.6632050347918845,0.3088344758673849,0.8989592878198298,2.0287944703560643,0.2309243386976364,0.4086042665333828,0.841247293769835,0.2669501086517195,0.36242460623539063,0.4719514087653197
3.0770770770770772,0.9906038518859178,2.7682622083859765,7.6481426265245265,0.3082753382703639,0.8973752185331036,2.0254974262771297,0.22917230206356964,0.40779021137606686,0.8392611648577176,0.26756978633272266,0.36367379270480416,0.47477388182553737
3.0813313313313317,0.9885347654841783,2.7301507937049863,7.633080218257166,0.3077162006733428,0.8957911492463775,2.0222003821981946,0.22742026542950272,0.4069761562187507,0.8372750359456,0.2667003021818245,0.3649229791742178,0.4772672442138095
3.085585585585586,0.9864782299951331,2.707522748887759,7.618017809989807,0.30715706307632173,0.8942070799596513,2.01890333811926,0.22566822879543597,0.40616210106143474,0.8352889070334826,0.26583081803092656,0.3658766607121917,0.4766114970013218
3.08983983983984,0.9844286603178498,2.6849051078988557,7.602955401722449,0.30659792547930076,0.8928709989776963,2.0156062940403254,0.22528711491002584,0.40534804590411877,0.8333030930449181,0.2668668347386949,0.36569506864520585,0.47595574978883415
3.0940940940940944,0.9823790906405663,2.6622956474446653,7.587911008888112,0.3061080718332193,0.8918909251186118,2.009781515253378,0.22674349245011433,0.40453399074680263,0.8313186717910509,0.26971004889468697,0.3655134765782201,0.4753000025763464
3.0983483483483485,0.980329520963283,2.639686186990478,7.574660752447447,0.305690679373896,0.8911337803217065,2.0032532247484447,0.22819986999020264,0.403540415439375,0.8293342505371839,0.2724196778823649,0.3653318845112343,0.4746442553638588
3.102602602602603,0.9782900638818749,2.618153237889284,7.561410496006781,0.3053123840904294,0.8903766355248013,1.9929399045486766,0.22965624753029112,0.4039704048545524,0.829598497456589,0.27144033723896055,0.36515029244424846,0.47412354732901085
3.106856856856857,0.976533459721092,2.613185271300668,7.548370644174475,0.30501096094894675,0.8811924657185963,1.9826265843489095,0.2311126250703794,0.4044003942697297,0.8307691731877689,0.26953385725971024,0.3649687003772627,0.47526673224867033
3.111111111111111,0.9748664534627072,2.6086045994507083,7.536380337427558,0.3039461091212101,0.8717336811180827,1.9731703715202076,0.23256900261046776,0.404830383684907,0.8318535970579708,0.26856981983459377,0.3652758633017073,0.4764099171683298
3.1153653653653657,0.9731994472043223,2.6040527558231177,7.524390030680641,0.3019929864475511,0.8881052011340855,1.9638804114142316,0.2340253801505562,0.40526037310008434,0.8324556849018534,0.27208718531805054,0.36559419101484747,0.47755310208798935
3.1196196196196198,0.9715324409459374,2.599500912195528,7.514051186516536,0.30002775754138655,0.8867457727092025,1.9545904513082564,0.23578989722561428,0.4055293223760983,0.8330577727457359,0.27180444936062953,0.3658569274439885,0.47869628700764877
3.1238738738738743,0.9698654346875525,2.590073625285296,7.5037666020215035,0.29810443057807867,0.8848058014550308,1.94761905354901,0.2377332418595418,0.4057706355922376,0.8336598605896185,0.27192816253363594,0.366018523684967,0.47983947192730836
3.1281281281281283,0.9682044526625182,2.575914715773945,7.493482017526473,0.2961811036147709,0.8622475139246041,1.9455268866731295,0.23865281247201528,0.4060119488083769,0.834261948433501,0.2720624814512391,0.36618011992594546,0.48098265684696784
3.1323823823823824,0.9665481611106355,2.5617558062625942,7.483197433031441,0.29414995627844226,0.860533135421377,1.9434347197972488,0.23868751118468398,0.40625326202451617,0.8349506585265134,0.2721968003688423,0.3659255425472491,0.4813269949464516
3.136636636636637,0.9648918695587527,2.5475968967512417,7.472912848536408,0.2918676731181743,0.877251263013776,1.9413514438975183,0.2387222098973527,0.4059705571548733,0.8360820207691126,0.272340987196555,0.3656322642480877,0.48002992969733704
3.140890890890891,0.9633171273276708,2.533437987239891,7.459769992816286,0.2914112840588182,0.8782262688489981,1.9392700341419888,0.2387569086100214,0.405409987194823,0.8358665705975448,0.2725821983929956,0.3653389859489263,0.4787328644482225
3.1451451451451455,0.9617913920935,2.527092061139123,7.447198242170355,0.29103363876150423,0.865542420349898,1.9368795609478342,0.2387916073226901,0.4048716375264487,0.8356511204259769,0.2723404554381659,0.36504570764976485,0.47743579919910795
3.1493993993993996,0.9596804218668218,2.5240133037513166,7.4349961662457975,0.29065599346419024,0.8424990104853444,1.933982850269747,0.23882630603535882,0.40433328785807443,0.835435670254409,0.2706736236457057,0.3647524293506034,0.47613873394999345
3.1536536536536537,0.95690664826013,2.5209345463635096,7.42279409032124,0.29027834816687625,0.8496070781366158,1.9310861395916596,0.23886100474802752,0.40379493818970014,0.835220220082841,0.2683494920463201,0.364459151051442,0.4751838305837376
3.157907907907908,0.9541328746534381,2.5178557889757025,7.4105920143966815,0.28990070286956227,0.8707134677344269,1.9284968311193667,0.23889570346069622,0.40325658852132584,0.835004769911273,0.266966653175002,0.36413596340737264,0.4753984288952814
3.1621621621621623,0.9514059403606581,2.5147770315878963,7.39601274046765,0.28961219430807533,0.869739262378918,1.9260264480201532,0.23904347490090666,0.40265790233763343,0.8344595107322292,0.2664782131527179,0.3639857365040313,0.47561302720682513
3.166416416416417,0.9494979393038432,2.5116982742000893,7.380764895558774,0.289809629527668,0.8579445167433508,1.9235560649209393,0.23958605498358446,0.4020287123793168,0.8330291912704222,0.26638003017532197,0.3638355096006899,0.4758276255183689
3.170670670670671,0.9475899382470286,2.5086195168122822,7.3655170506499,0.28965922412977346,0.8370712191424001,1.921085681821726,0.2402314350849828,0.40141439755223307,0.8315988718086154,0.2676215541591622,0.3638172816991565,0.4760422238299127
3.174924924924925,0.9456726091095462,2.505540759424476,7.35197494262115,0.2894834875995056,0.8509467679172786,1.9186152987225125,0.24064355761747108,0.4010131143555483,0.8305233033223978,0.2691026497258367,0.3643101630934415,0.4762377005876258
3.1791791791791795,0.9436516712273364,2.5021314809234285,7.341405484392328,0.2880641809182652,0.8660366451717945,1.9159212296240329,0.2410109826302041,0.40061183115886345,0.8295713649842558,0.2701403072349644,0.3648030444877265,0.47623738191750886
3.1834334334334335,0.9416307333451266,2.496700578502611,7.3300634918253245,0.2868841575136526,0.8647957280706507,1.9135569415608082,0.2413784076429371,0.4003865366829962,0.8287320666890382,0.2692316764017151,0.365060630095638,0.476237063247392
3.187687687687688,0.9403658782102344,2.491253754723314,7.31872149925832,0.28553632117247796,0.8335014579339963,1.9112984940782352,0.24174583265567012,0.4003256672333465,0.8287125055241201,0.2680900170256521,0.36530993724364375,0.47623674457727505
3.191941941941942,0.9391825179239534,2.485806930944017,7.307379506691317,0.28426319253087745,0.8325395696870561,1.909040046595662,0.24210342354784853,0.40026479778369684,0.8286929443592022,0.2664835082102499,0.36448860549472206,0.4762364259071582
3.196196196196196,0.9379991576376724,2.4803601071647203,7.296621170073633,0.28302729246199726,0.831577681440116,1.9067815991130892,0.24236201521343972,0.4002039283340472,0.8286733831942841,0.2644906470344104,0.3632503157869934,0.47623610723704124
3.2004504504504507,0.9366540363732953,2.4749132833854235,7.28846434245591,0.2817913923931169,0.8427676879577375,1.9045236058483004,0.24256099707402928,0.4001430588843976,0.8286538220293661,0.26249778585857075,0.36201202607926464,0.47623578856692433
3.204704704704705,0.9346040281399188,2.4694664596061267,7.280307514838188,0.2805554923242367,0.8415950707880235,1.9022662805302522,0.2420034383599603,0.40008218943474794,0.8286342608644481,0.26190911601073474,0.36193417063488065,0.476196513322397
3.2089589589589593,0.9324112339316186,2.4640196358268294,7.272150687220465,0.27926736454809487,0.8286925344540991,1.9000089552122037,0.2414458796458913,0.3996744148455056,0.8279249985829968,0.26171358967987995,0.3619398106929277,0.4759857457534469
3.2132132132132134,0.9301614473480941,2.4585728120475325,7.263993859602742,0.2779419008047583,0.827635658729148,1.8977516298941555,0.24088832093182233,0.39861545769350715,0.8256884880394145,0.2610329157252927,0.36194545075097473,0.47577497818449677
3.2174674674674675,0.9279116607645697,2.453764057354364,7.257297054185546,0.2766991323797173,0.8432412304208825,1.8954017001157375,0.24029958624471362,0.3974204804112385,0.8234519774958322,0.2579575866531793,0.36195109080902177,0.47556421061554666
3.221721721721722,0.925661874181045,2.44990707390055,7.250501707000321,0.27603479060810765,0.8412215870212283,1.8925959548391944,0.23935550370820885,0.3962255031289697,0.8212154669522496,0.2548822575810656,0.3619567308670688,0.4753534430465965
3.225975975975976,0.9234120875975205,2.4460500904467377,7.243669620044427,0.27537672165459526,0.8376862596281477,1.8898127642479179,0.2384114211717042,0.395030525846701,0.8189789564086672,0.25408150323101086,0.36203055651833227,0.4751426754776463
3.2302302302302306,0.920972781317315,2.4421931069929244,7.236837533088533,0.27477773369119796,0.8229898965372857,1.8870295736566411,0.23746733863519942,0.3938355485644322,0.8170001306681208,0.25531619006942907,0.3622308945625248,0.47493421234569944
3.2344844844844847,0.91833731995551,2.438336123539111,7.230005446132639,0.2741802692741123,0.8218379733758311,1.8842463830653646,0.236447067862038,0.39267537025128685,0.8151253710731823,0.25655087690784717,0.36248174041885156,0.4747258345229889
3.238738738738739,0.9157646474504605,2.4344791400852976,7.223173359176744,0.27358280485702663,0.8194413785848369,1.8814631924740879,0.2343482728005698,0.39157530362571247,0.8132506114782435,0.2539512405114055,0.36273258627517835,0.47451745670027834
3.2429929929929933,0.9132326061580622,2.4306221566314843,7.216394045334479,0.272985340439941,0.8158514853009041,1.8786800018828114,0.23167783618811794,0.3904752370001382,0.811375851883305,0.25073711078118677,0.36298343213150513,0.4743090788775678
3.2472472472472473,0.9107005648656639,2.426765173177671,7.2096338498111665,0.27238787602285536,0.8124538447927696,1.876658687948022,0.22900739957566602,0.3888379505625248,0.8089048101788184,0.24817177827169276,0.3632342779878319,0.47410070105485724
3.251501501501502,0.9082173409362488,2.4229081897238576,7.202873654287854,0.2718176188335913,0.8102617935562575,1.8746817570777274,0.22633696296321384,0.3869780178869612,0.8052022492457214,0.2481976462117791,0.363863115423421,0.4734596787214137
3.255755755755756,0.9058964054652155,2.4193679312627374,7.196588234727464,0.2712852098347842,0.808101392721621,1.8728261876577574,0.22366652635076195,0.38510984906222645,0.8012105806671603,0.24822351415186544,0.3650693963943198,0.4726404439362368
3.2600100100100105,0.903575469994182,2.415998290921649,7.190455054584868,0.27075280083597697,0.8162252538180528,1.8711436450093513,0.22099608973830978,0.38316641951732966,0.7972189120885989,0.2474025417531459,0.3661524458861154,0.47182120915105974
3.2642642642642645,0.9012545345231489,2.4126286505805608,7.184329180358613,0.27022039183716984,0.8155536577136214,1.869461102360945,0.2183256531258579,0.38122298997243304,0.7932272435100378,0.24705825779060803,0.36689017477404456,0.47100197436588287
3.2685185185185186,0.8989335990521156,2.409259010239473,7.178212060656621,0.2696879828383627,0.8148820616091901,1.8657034123118441,0.21565521651340597,0.38023981317904365,0.7892355749314768,0.24671397382807017,0.36664627933785765,0.4701827395807059
3.272772772772773,0.896612663581082,2.4057128023047225,7.1720949409546275,0.26912576730611426,0.8136407897931246,1.8608806489320013,0.21338018280422127,0.3795773076611708,0.7852739909028501,0.2463696898655323,0.3664023839016707,0.46982877589411154
3.277027027027027,0.8935382467127209,2.401371421188935,7.1659778212526355,0.2685413954861107,0.8115547535150509,1.8560578855521594,0.21289223208120406,0.3789148021432981,0.7814700461002142,0.2460257865311904,0.3661795564944228,0.4701314175000999
3.2812812812812817,0.8903697908977337,2.3973464304250847,7.159860701550643,0.2679570236661071,0.8094687172369772,1.8516043658356776,0.21306566995976603,0.3781216787790117,0.7776661012975778,0.2462874244275876,0.36601742311258995,0.4704340591060884
3.285535535535536,0.887201335082747,2.3931574488035103,7.153239523451203,0.26737265184610354,0.8073826809589035,1.8499376362443254,0.21323910783832797,0.37729514376331386,0.7752920419263354,0.2463186182111224,0.36585528973075715,0.47073670071207685
3.28978978978979,0.8841892515581442,2.3889701888801014,7.143515911614061,0.2667882800261,0.806611779530379,1.848270906652973,0.21341254571688995,0.376468608747616,0.7741292391826153,0.24634981199465716,0.36569315634892435,0.4710393423180652
3.2940440440440444,0.8814274939026958,2.384974949111371,7.130946876778072,0.2662171026755702,0.8060625313381931,1.846768695228488,0.2135859835954519,0.375642073731918,0.7729664364388953,0.2460312627290583,0.36553102296709156,0.4713419839240537
3.2982982982982985,0.8786657362472476,2.3816085343796303,7.118075714620904,0.265423594999244,0.8055132831460072,1.8453983019248665,0.21375942147401386,0.3748155387162201,0.7720937014458771,0.2454213592001181,0.3653688895852587,0.47164462553004205
3.302552552552553,0.8759039785917992,2.37824211964789,7.106488552774051,0.26455533118799057,0.8049640349538212,1.844027908621245,0.21393285935257583,0.3742297863429075,0.7712810136076087,0.24481145567117785,0.36518107723787185,0.4715540858161784
3.306806806806807,0.8731422209363513,2.3748757049161497,7.095850096418569,0.2636870673767372,0.8044147867616354,1.8423601646346701,0.21410629723113778,0.3739783131776795,0.7704683257693403,0.24416036473927127,0.36528320281122023,0.4705499218960769
3.311061061061061,0.8703854249530376,2.371509290184409,7.085211640063085,0.26286770461948616,0.8037789514558829,1.8406045749859414,0.21397433260165533,0.3737268400124515,0.7696556379310721,0.24376341861270662,0.3653853283845686,0.4695457579759754
3.3153153153153156,0.8687048459696791,2.3659350656257923,7.074573183707602,0.262235684214314,0.8030562884416641,1.8388489853372123,0.21280992201136031,0.3734753668472235,0.7688429500928036,0.2433127431335422,0.36548745395791693,0.46854159405587387
3.3195695695695697,0.8671369800020163,2.360548026405509,7.063934727352119,0.2615587027932331,0.8023336254274451,1.8370933956884834,0.21133809550685384,0.3732238936819955,0.7679484650716115,0.24286206765437782,0.36558957953126525,0.4675374301357724
3.3238238238238242,0.8655691140343533,2.3552342829976567,7.053599006853025,0.260874325795873,0.7949449084788325,1.8353378060397545,0.20986626900234723,0.3729601166730542,0.7671016084566307,0.24491832762651822,0.36590184160795924,0.4665332662156708
3.3280780780780783,0.8640012480666903,2.350805128369005,7.044486238433338,0.26018994879851287,0.7923102928305208,1.8338784831608996,0.20839444249784073,0.37239440369168486,0.7662547518416498,0.24653464546005205,0.36638929961781264,0.46645452370547935
3.3323323323323324,0.8624333820990275,2.348472707058847,7.038226498190178,0.2595055718011528,0.7938059007261395,1.8327563155737598,0.20723986976115366,0.3718271846093598,0.765407895226669,0.24790399597895274,0.36687675762766614,0.4664544508124564
3.336586586586587,0.8609900642955232,2.346140285748689,7.03212198192119,0.2590081825202676,0.797690252647773,1.831548016618917,0.2063892475404412,0.3712599655270347,0.7645610386116882,0.24927334649785354,0.36736421563751964,0.4664543779194335
3.340840840840841,0.85961923659323,2.3438140549483473,7.026017465652202,0.2586277516928037,0.7960108848572864,1.830339717664074,0.20553862531972883,0.3706927464447097,0.7637056673506548,0.2511839851276364,0.36748071297410273,0.4664543050264106
3.3450950950950955,0.8582484088909368,2.3414950783427226,7.0199129493832135,0.258335735607574,0.7943315170667996,1.8291314187092311,0.20464828471373198,0.3701255273623846,0.7627027871611338,0.25316308687563577,0.3669945373195943,0.4664542321333877
3.3493493493493496,0.8568775811886438,2.339176101737098,7.0149155433468255,0.2580437195223443,0.792652149276313,1.8279231197543884,0.20361500716502445,0.3695195880946007,0.7616999069716129,0.25507678550642676,0.3663097139373417,0.46615804798403737
3.3536036036036037,0.8571290466906828,2.336426801251534,7.010222163301364,0.2577517034371146,0.7909727814858264,1.8263571591364012,0.20234858462206257,0.3688839652462098,0.7606970267820921,0.256762390183062,0.36562489055508907,0.4655725279909144
3.357857857857858,0.857422832158817,2.3336164016981527,7.005528783255901,0.257438531499468,0.7892934136953396,1.8247798648501203,0.20108216207910057,0.3682483423978188,0.7596184643952475,0.25840752583040494,0.3649400671728364,0.4649870079977914
3.3621121121121122,0.8569506379072737,2.3307817376381434,7.000835403210438,0.25709124995121935,0.7876420428718851,1.8232025705638397,0.20055982570862357,0.3676127195494278,0.7584202946348427,0.26010507607339584,0.3642552437905837,0.46440148800466846
3.3663663663663668,0.8564784436557302,2.326755402170435,6.996142023164975,0.2567435586282151,0.7864275573429158,1.821625276277559,0.20028265361842135,0.36697709670103684,0.7574295076878448,0.2620554613839779,0.36357042040833104,0.46381596801154545
3.370620620620621,0.856006249404187,2.322729066702727,6.987453425265959,0.2563958673052108,0.7852378642302684,1.8203915882462447,0.20004737311327148,0.3663514766306598,0.75657026546689,0.26400584669455973,0.3630689274664777,0.4632504694490084
3.374874874874875,0.8560762168961131,2.318303689272006,6.982882829683995,0.2560481759822065,0.7840481711176209,1.8194598036627405,0.1998120926081216,0.3657962196069024,0.7557110232459354,0.2615758723497248,0.36265208971104024,0.463055186219118
3.3791291291291294,0.8565765760435777,2.314149168742948,6.978312234102031,0.25570048465920225,0.7831850244488361,1.8185277676911906,0.19957681210297168,0.36524096258314487,0.7548517810249806,0.2586338890025418,0.36189190147642425,0.46285990298922763
3.3833833833833835,0.8570769351910423,2.311386548464492,6.972017682344615,0.2552547907068893,0.7827454259492498,1.8175957317196412,0.1993415315978218,0.3646857055593874,0.7539925388040258,0.2568959616665321,0.3603499787319282,0.46266461975933737
3.387637637637638,0.8575772943385069,2.3122594771405414,6.962678969046221,0.25467400360467113,0.7823058274496635,1.8166636957480913,0.199107941553155,0.3641304485356299,0.7531343273972053,0.25893238439612987,0.35880805598743204,0.462469336529447
3.391891891891892,0.8593197936548,2.315228622920296,6.953340255747829,0.2539851606075077,0.7801513305577896,1.8157316597765414,0.19880129991475523,0.36357519151187245,0.7522829786149683,0.26096880712572734,0.3572661332429361,0.4622740532995566
3.396146146146146,0.8614819326131193,2.318197768700051,6.944001542449438,0.25329631761034427,0.7797970083454882,1.8147996108619038,0.19733074158821656,0.3630704867776176,0.751458656063955,0.26116510688074696,0.35572421049844005,0.4617585747632361
3.4004004004004007,0.8639625614490055,2.3211669144798055,6.938941077328658,0.25260747461318067,0.779468895957844,1.8138667843415057,0.1960550802967016,0.36259494282132954,0.7507141167725342,0.2599610205406519,0.35548383622277796,0.4609916999518261
3.4046546546546548,0.8664431902848915,2.3258098362758397,6.9357863452982995,0.2521003592978134,0.7792597657619001,1.8129339578211077,0.1951394483938379,0.3621193988650415,0.7499695774811135,0.25874935826059325,0.3552271699881918,0.46022482514041607
3.4089089089089093,0.8689238191207778,2.3338158125320962,6.933044772739914,0.2516521649922619,0.7790506355659563,1.8120582704955028,0.1942238164909741,0.3616438549087534,0.7492250381896925,0.2585929619215511,0.3549705037536057,0.459457950329006
3.4131631631631634,0.8714044479566637,2.3429972598386835,6.930459364472302,0.2512039706867105,0.7788415053700124,1.8112821974964866,0.19330592910802274,0.3611683109524654,0.7483813093783124,0.25855487880925776,0.35471383751901964,0.458691075517596
3.4174174174174174,0.8738850767925497,2.35217870714527,6.9278739562046905,0.2507557763811591,0.7786323751740687,1.8105061244974703,0.19235067618395713,0.36067890126879537,0.7474747823857044,0.2583609689393491,0.35445717128443355,0.457930743927888
3.421671671671672,0.876627285169508,2.3613601544518588,6.925703710220736,0.2503075820756076,0.7784232449781248,1.8093790721507146,0.1913954232598914,0.36006152386556367,0.7465682553930963,0.257674565460698,0.3541196102383784,0.45736609482794216
3.425925925925926,0.8796021728610663,2.372779924124651,6.925772451172312,0.24987576211386095,0.778214114782181,1.8078769016823864,0.1904401703358258,0.35944414646233214,0.7456617284004883,0.256988161982047,0.3536778295632397,0.45680171061437946
3.4301801801801806,0.880887443976903,2.3887882719473694,6.925841192123888,0.24934298772130958,0.7780049845862371,1.8063747312140581,0.1894849174117601,0.3588267690591005,0.7447552014078802,0.25583737543426754,0.35322321019248165,0.4562373264008166
3.4344344344344346,0.8806949725766335,2.4047966197700865,6.925909933075464,0.24878885340136597,0.7777958543902933,1.8048725607457299,0.18852966448769448,0.3582093916558689,0.7438590520623591,0.2543465779619347,0.35276859082172374,0.4556729421872539
3.438688688688689,0.8820209920525091,2.420804967592805,6.92597867402704,0.2482347190814223,0.7775867241943495,1.8036619701502172,0.1876741796092537,0.3575920142526372,0.7432269035875156,0.25285578048960183,0.3523139714509658,0.4551085579736911
3.4429429429429432,0.883681364301104,2.443643504184746,6.926047414978616,0.24769698838469045,0.7768937736065742,1.8025372432480393,0.18755341870885262,0.35705623368945333,0.7425947551126723,0.24963175171687665,0.3518593520802079,0.4547192275791687
3.4471971971971973,0.8853417365496989,2.4670924866487893,6.932319178696019,0.2472549666043688,0.7756588301959484,1.801348038957777,0.18743265780845153,0.3565912447536781,0.7419626066378289,0.24623696180774352,0.3514594544958517,0.45453321612040853
3.451451451451452,0.887002108798294,2.4861054704356538,6.944492208291052,0.2467394002538742,0.7744238867853226,1.7995061641204733,0.18731189690805045,0.35612625581790286,0.7413304581629854,0.2440574437754386,0.3512277064236695,0.45434720466164835
3.455705705705706,0.8886624810468888,2.505118454222517,6.9566652378860825,0.24619841182629576,0.773188943374697,1.79766428928317,0.18719113600764936,0.3556612668821276,0.740698309688142,0.2456992946488522,0.35099595835148734,0.45416119320288817
3.4599599599599604,0.8897586420610812,2.524131438009381,6.9688382674811145,0.2456574233987173,0.7719539999640712,1.795886708052871,0.18707037510724828,0.35519627794635233,0.740068679567605,0.247341145522266,0.3507899724022341,0.45397518174412793
3.4642142142142145,0.8888776945163555,2.5430117225470896,6.974145078937877,0.24511643497113889,0.7707450331102836,1.7944111931583802,0.18691491641184993,0.3547242221652288,0.7394420088096922,0.24935341656996673,0.3506349318669561,0.4537891702853678
3.4684684684684686,0.8869387280899312,2.541444109819036,6.978191147300188,0.24460306766207984,0.7705954421254524,1.7929356782638894,0.1867554484582168,0.3537658905284877,0.7388153380517795,0.25163083409972564,0.3504798913316781,0.45328540570823084
3.472722722722723,0.8808457179445117,2.539876497090982,6.982237215662499,0.24410766655029437,0.7686049343027477,1.7914601633693987,0.18659598050458365,0.35280230048749184,0.7381886672938667,0.2539082516294847,0.3502796265647176,0.4527284135558891
3.476976976976977,0.8747527077990931,2.5383088843629285,6.98628328402481,0.24357142713433255,0.7675348848989798,1.789984648474908,0.1864365125509505,0.35183871044649606,0.7375101878381971,0.254120149414433,0.35005280876665007,0.4521714214035475
3.4812312312312317,0.8686596976536738,2.5367412716348747,6.990329352387121,0.24303518771837063,0.7668375449604942,1.7885091335804173,0.18616950316614306,0.35102451396712675,0.7368054745651658,0.2535966255210979,0.3498259909685825,0.4516144292512057
3.4854854854854858,0.8591229367855298,2.5247956490780874,6.989751070500482,0.2424989483024088,0.7711241851013524,1.7872225388897856,0.18589556984504974,0.3506386868592578,0.7359770144618487,0.25304899191968533,0.3495991731705149,0.45105743709886403
3.48973973973974,0.8471574342492985,2.500002482000484,6.960695450322623,0.24201490028879954,0.7721964157951807,1.7867725899270268,0.18570947065852406,0.3502633221074778,0.735122284485566,0.24938280960715062,0.34937235537244743,0.4504648591613419
3.4939939939939944,0.835191931713066,2.455936401431515,6.931279062906463,0.24167288172065704,0.7728749596121585,1.786601256417773,0.18552337147199838,0.3499145269022409,0.7342675545092833,0.24411319736893355,0.3491455375743798,0.4497389346394623
3.4982482482482484,0.8232264291768348,2.4056521377391844,6.902584209966903,0.24133686589829106,0.7735535034291361,1.7864299229085185,0.1853372722854727,0.3495657316970041,0.7334274129656746,0.2422057204271715,0.34884692113322396,0.44901301011758277
3.502502502502503,0.8149295538881276,2.355367874046848,6.873528589789041,0.24100085007592503,0.7742320472461138,1.7862585893992644,0.185151173098947,0.3492169364917672,0.7328801767834708,0.24259881327467664,0.34847512739141245,0.4482870855957032
3.506756756756757,0.8075057131204688,2.3207752376649204,6.844472969611182,0.24066483425355906,0.7749105910630916,1.7860872558900103,0.1849650739124213,0.3489161712111264,0.7323329406012671,0.2429795489424756,0.3480972973011487,0.44756116107382365
3.511011011011011,0.8002472701316263,2.2976358417066676,6.816644107161274,0.24032881843119305,0.7755891348800692,1.784551490009127,0.18477903812604923,0.3486765322443356,0.7317857044190634,0.24323945251384488,0.34771946721088504,0.4468352365519441
3.5152652652652656,0.7930397824936155,2.2744964457484125,6.789909412017112,0.23996957247834705,0.7762676786970468,1.7828004600363028,0.18459304809839516,0.3484368932775447,0.7312893006679984,0.24348995703674264,0.34734163712062127,0.4463023804963359
3.5195195195195197,0.7858322948556056,2.25135704979016,6.763174716872953,0.23941091856837293,0.7715397105288215,1.7810494300634785,0.18442119233543108,0.3481972543107539,0.7309869738313384,0.24343154642562442,0.3467028072919146,0.44594319550443484
3.523773773773774,0.7785758920654533,2.228217653831905,6.736440021728793,0.23885226465839876,0.7797853715227122,1.779370606241168,0.18428677896546913,0.347957615343963,0.7306326906694469,0.24250888598152312,0.34522004177696014,0.4455840105125337
3.5280280280280283,0.7709077434713808,2.205338159299024,6.720668729804254,0.23829361074842464,0.7824310579134593,1.778923138469107,0.18415236559550724,0.34771797637717217,0.7301810983567982,0.24163370830718456,0.3437372762620058,0.44522482552063264
3.5322822822822824,0.7632395948773083,2.1869557665223596,6.710594477484828,0.2378409770348145,0.783169335467458,1.7787351219483307,0.18401795222554534,0.3474244610040108,0.7297295060441497,0.24101357046779193,0.3422545107470515,0.4448656405287315
3.536536536536537,0.755571446283235,2.1786574482333467,6.700520225165402,0.2376636312093569,0.7839076130214568,1.7785471054275543,0.1837684806569833,0.3471160471569926,0.7292779137315009,0.24056503237381072,0.3407717452320971,0.44450645553683044
3.540790790790791,0.7482689288598561,2.1701899158189537,6.690445972845976,0.23812640985525002,0.7840500027769794,1.778359088906778,0.18353445998595333,0.34680763330997455,0.7288263214188522,0.2401164942798295,0.3394412521106027,0.44415425855162577
3.5450450450450455,0.7418902988445166,2.1606577472971336,6.68037172052655,0.23858918850114322,0.7832908324199055,1.7781710723860016,0.18330043931492335,0.3464992194629564,0.7283747291062035,0.2396921669886447,0.33851730751922904,0.4438037875140251
3.5492992992992995,0.736084605986346,2.1511255787753143,6.670297468207123,0.23905196714703636,0.7825316620628315,1.7780962074486533,0.18301868380946695,0.34619080561593835,0.7280164986309379,0.2392968980167497,0.33759336292785547,0.44345331647642444
3.5535535535535536,0.7323502020240376,2.141437092807368,6.656052009083826,0.23951474579292953,0.7817724917057576,1.7782647968845677,0.18285048979223598,0.34587410552006814,0.7277182671000614,0.2396173741065068,0.3366694183364819,0.44310284543882383
3.557807807807808,0.7286157980617289,2.131236714989671,6.6417125322438615,0.2400381883550481,0.7821647810802912,1.778433386320482,0.182682295775005,0.3455012145327264,0.7274548188146748,0.24169074643801436,0.3357454737451082,0.4427523744012231
3.562062062062062,0.7248813940994205,2.122576213315996,6.627373055403899,0.24059626408161477,0.782733065465878,1.7786019757563962,0.18251410175777402,0.34512832354538464,0.7272107200392052,0.24376411876952173,0.33482152915373464,0.44239509169849633
3.5663163163163167,0.7212307109458853,2.116313769913601,6.613747998504698,0.2414338097327942,0.7833013498514647,1.7787705651923105,0.1824091136699863,0.34475543255804286,0.7269666212637356,0.2441198883286721,0.33389758456236096,0.441869079350653
3.570570570570571,0.7176586467518989,2.1115681073270895,6.605411855395339,0.24245251687220748,0.7838696342370515,1.7793545702715323,0.18231099612589724,0.3443825415707011,0.7267225224882661,0.24368124131259694,0.3329736399709874,0.4413430670028098
3.574824824824825,0.7140865825579126,2.106822444740578,6.597077559985507,0.24347122401162077,0.7844379186226382,1.7799119355132218,0.1822222974211532,0.3440096505833593,0.726605851197677,0.2431719726928066,0.3320496953796138,0.44081705465496657
3.5790790790790794,0.7105145183639258,2.1020767821540662,6.588743264575675,0.24474001209931248,0.7851016838634364,1.7802245617287107,0.18216206922391823,0.3436185276472072,0.7265152184136872,0.24265833369335965,0.33112575078824014,0.44029104230712324
3.5833333333333335,0.7069424541699394,2.0977638204040683,6.580408969165845,0.24853172221027958,0.7874861329877187,1.7805371879441991,0.18210184102668325,0.3432072299546752,0.7264245856296974,0.24218450626836374,0.33068326930435765,0.43976502995928
3.587587587587588,0.7033703899759526,2.089850518500708,6.5720746737560125,0.25292179213745,0.7898705821120016,1.7808498141596878,0.18204162409324084,0.3427959322621431,0.7263339528457077,0.24171067884336772,0.33051771720741396,0.43928106121273275
3.591841841841842,0.7000774825089462,2.0812839032076127,6.562613770961608,0.25731186206461987,0.793539748963811,1.7823999996107567,0.18198151205315102,0.3423846345696111,0.726243320061718,0.2412368514183718,0.3303521651104703,0.4389341076198412
3.596096096096096,0.6971296658795962,2.072717287914517,6.5507335738131065,0.2617019319917898,0.7986239961323609,1.784585179630913,0.18192140001306123,0.34202046937738795,0.726149413236497,0.24076302399337593,0.3301866130135266,0.43858715402694975
3.6003503503503507,0.6941818492502461,2.0641506726214214,6.538853376664603,0.2649589154896842,0.8037082433009115,1.7867703596510691,0.18182955316806604,0.3417119455131685,0.725498230356932,0.24035266396168375,0.33002106091658295,0.4382402004340582
3.6046046046046047,0.6912340326208961,2.058922035890848,6.5269731795161,0.26680539938952247,0.809546519561758,1.7889555396712256,0.181694770779586,0.34145739653421414,0.7248378894025375,0.23746551328713442,0.3298555088196393,0.4378932468411667
3.6088588588588593,0.6888019497261659,2.0537586522264095,6.517126026389166,0.2679263365511477,0.824232292653907,1.7911407196913818,0.18155998839110593,0.34103950659455085,0.7241775484481427,0.2343164136205556,0.32968995672269563,0.4375462932482752
3.6131131131131133,0.6864865462358272,2.0485952685619715,6.510042222109947,0.26897251049428894,0.8304066489025539,1.7929895858119962,0.18143378196017967,0.34062161665488766,0.7235172074937484,0.23479040809303436,0.32952440462575194,0.43720171465173174
3.6173673673673674,0.6841711427454885,2.0434318848975335,6.502958417830726,0.2700186844374302,0.8365810051512008,1.7934222080822813,0.1813329443066086,0.3402037267152244,0.7228568665393538,0.23545339621416078,0.3293588525288083,0.436860829924132
3.621621621621622,0.6818557392551496,2.038268501233095,6.495874613551505,0.27316145079382637,0.8380462080746287,1.793536404155699,0.1812321066530375,0.33974378945933364,0.7221092794414254,0.2354547332164536,0.32919252555123846,0.43651994519653214
3.625875875875876,0.6795403357648109,2.033105117568657,6.488790809272285,0.2765985568751979,0.8379323380740276,1.7936506002291166,0.18111094149683343,0.3392836973129491,0.720874926711198,0.23355761766590605,0.3287998988754383,0.4361790604689324
3.6301301301301305,0.6772249322744721,2.0279417339042185,6.481707004993064,0.27817951731699364,0.8378184680734262,1.7937647963025343,0.18097394851446408,0.3388236051665645,0.7196405739809704,0.23161068869879076,0.328381129701547,0.43583817574133255
3.6343843843843846,0.6744472785105533,2.022778350239781,6.474644018289748,0.2786509935061039,0.8377045980728248,1.793878992375952,0.18083695553209472,0.33836351302018003,0.7184062212507429,0.23310830093741475,0.3279623605276557,0.4354972910137328
3.638638638638639,0.6716581878674499,2.0176149665753425,6.467598436748634,0.2791224696952141,0.8375907280722237,1.7939931884493694,0.18066298811528358,0.3382243152422844,0.717411932074137,0.2348475557233245,0.32754359135376443,0.4350738829458169
3.642892892892893,0.6688690972243468,2.012472576220242,6.460552855207522,0.2768526807787503,0.8373874565960107,1.7898298958407,0.1804952635393467,0.33845950576188455,0.7173042874131579,0.23453021955102715,0.32712482217987315,0.43457005152793093
3.6471471471471473,0.6660812748483482,2.007425249180365,6.45350727366641,0.27111927915282347,0.8249597481289364,1.7853183201106475,0.18036833660887447,0.33869469628148463,0.7171966427521788,0.234247012352779,0.3267060530059819,0.43406622011004503
3.651401401401402,0.6638996421357924,2.0023779221404863,6.446293791279103,0.2658941612033896,0.8109648782884813,1.78046203133899,0.18024140967840221,0.3389298868010848,0.7170889980911996,0.23396380582898174,0.3262872838320906,0.4335623886921591
3.655655655655656,0.6617180094232368,1.9973305951006086,6.438890451777954,0.26158888840118166,0.8057482606651885,1.7717591806873951,0.18017075344222322,0.3391650773206849,0.7169813534302204,0.23368059930518453,0.3258685146581993,0.4332462350862213
3.6599099099099104,0.6595363767106809,1.99228326806073,6.427498158791005,0.2572836155989733,0.8007499206046387,1.7669570171636924,0.18017747702067372,0.3394002678402851,0.7168737087692413,0.2333973927813873,0.325449745484308,0.43307671821645527
3.6641641641641645,0.6573547439981253,1.9872359410208524,6.413724192206674,0.25297834279676534,0.7934043457850692,1.7622515313222387,0.1801842005991242,0.3399802066202764,0.7167241870951241,0.2331141862575901,0.3250479781266342,0.43290720134668925
3.6684184184184185,0.6551731112855697,1.982627277950637,6.399950225622343,0.24902781256648784,0.7830632151786338,1.7575460454807845,0.18021602844247836,0.343688605484015,0.716475058769612,0.23282839642757056,0.32481090694026726,0.4327376844769233
3.672672672672673,0.652958558796529,1.979128114857052,6.38617625903801,0.24675349551650577,0.7744606943840956,1.75284055963933,0.18025864935994768,0.34536060800749246,0.7162259304441001,0.2309821872823642,0.32457383575390025,0.43256816760715733
3.676926926926927,0.6501950618277738,1.9756289517634669,6.373579905673922,0.24447917846652395,0.767698566986821,1.7481350737978758,0.18030127027741705,0.34564739955312895,0.7159768021185882,0.2254634792474557,0.32433676456753335,0.43239865073739137
3.6811811811811816,0.64742904803119,1.970869968434568,6.36159436825879,0.2422048614165419,0.7609364395895457,1.743401716340791,0.18035925672792202,0.34614958160248355,0.7156808205808196,0.22760784252333716,0.3240996933811664,0.43213037737829096
3.6854354354354357,0.6446630342346065,1.9656756722959672,6.349608830843659,0.23993054436656008,0.7541743121922713,1.7372805285521173,0.18043470187639565,0.34897730948499994,0.7152615064625012,0.23002924781690431,0.3238626221947994,0.4317987298088046
3.68968968968969,0.6419312834739445,1.9603283986950806,6.337623293428528,0.23766115532848353,0.7491838161253175,1.7311593407634436,0.1805101470248693,0.35115278211469625,0.7146810298539115,0.2306842308305158,0.32362555100843243,0.43146708223931834
3.6939439439439443,0.6396237509619447,1.9549811250941933,6.327671693171519,0.23538725177578795,0.7460662998366485,1.7251672180705042,0.18063836924159987,0.3535834858956064,0.7137708853333318,0.22722821958766037,0.3233884798220655,0.431135434669832
3.6981981981981984,0.637316218449945,1.9509535220987877,6.318584074567287,0.2331133482230926,0.7429487835479798,1.7199775875274002,0.18082338369872775,0.35633348392799713,0.7128607408127521,0.2237721556355775,0.3231514086356985,0.43080378710034567
3.702452452452453,0.6350086859379452,1.9473017051557175,6.309496455963053,0.230839444670397,0.7398312672593108,1.7161964424872493,0.18131472765754572,0.3582111761371872,0.7119505962921724,0.2257330565152061,0.32291433744933157,0.4304721395308594
3.706706706706707,0.6327011534259457,1.943649888212648,6.30040883735882,0.22856554111770166,0.7371111469709004,1.712415297447099,0.18180607161636364,0.35921992532669944,0.7112479251738513,0.22984199711846914,0.32268403646951216,0.4302433097800226
3.710960960960961,0.630393620913946,1.9399980712695784,6.291321218754588,0.2266397055950134,0.734654315299301,1.7086341524069484,0.1822974155751816,0.36022867451621177,0.7104274071750445,0.22951612554394904,0.3225021608983657,0.4300788088935593
3.7152152152152156,0.6280715679013438,1.9363462543265082,6.282233600150354,0.22521647159834426,0.7321327033808266,1.7048530073667976,0.1829345149329749,0.3615672085283439,0.7093716292605172,0.2291902539694289,0.3223202853272191,0.42991430800709607
3.7194694694694697,0.6255441500509765,1.9326944373834385,6.271021024126621,0.2237932376016753,0.7285074713518966,1.7010718623266472,0.18389481333066832,0.3630583512501948,0.7083384841381737,0.2263746678544949,0.32213840975607266,0.4297498071206327
3.723723723723724,0.6230174650619923,1.927845601058554,6.2587037660931175,0.2223700036050062,0.7235645120785208,1.6972906600494615,0.18491771479923996,0.36466911133391533,0.7073180549138571,0.22453274401199397,0.3219565341849262,0.42958530623416946
3.7279779779779783,0.6204907800730084,1.9225849569836337,6.246386508059615,0.2209467696083372,0.7187534332930217,1.6921324322707314,0.1859406162678115,0.3668122445910731,0.7063339059665115,0.22834237378906785,0.3217746586137797,0.42942080534770616
3.7322322322322323,0.6179724510310483,1.9172263930833506,6.232773285374728,0.2196236735622914,0.7159447783400068,1.6869742044920013,0.18696351773638303,0.3689553778482308,0.7053497570191658,0.22806028873960252,0.3215927830426332,0.4293535927378258
3.736486486486487,0.615701369192966,1.911867829183067,6.220753022138913,0.2189503866266121,0.7137536285858959,1.6819188706805153,0.188322113763861,0.3710985111053887,0.7043656080718201,0.22777820369013718,0.3214109074714867,0.4293567485306618
3.740740740740741,0.6134302873548843,1.9076872443700261,6.210382841862209,0.2182770996909329,0.7115624788317851,1.677885252586083,0.18983774949961083,0.3738407143921981,0.7033985264827882,0.22742066932687505,0.32122903190034025,0.4293599043234978
3.7449949949949954,0.611159205516802,1.9039622512305834,6.201660276180036,0.21760381275525362,0.7093713290776742,1.6757862702371864,0.19235760216869063,0.3769263740810169,0.7024850939372889,0.22252919182372588,0.32104715632919373,0.42936306011633374
3.7492492492492495,0.6088881236787201,1.9002372580911409,6.195115018472972,0.2169305258195744,0.7071801793235636,1.6737673227174716,0.1946271382748886,0.3800120337698354,0.7015716613917897,0.22663747938384074,0.32085522217597273,0.42936621590916974
3.7535035035035036,0.6066170418406382,1.8965122649516983,6.186647828655086,0.21625723888389517,0.7049890295694529,1.6717483751977567,0.1967256191315004,0.38309769345865385,0.7006582288462904,0.22639597812117404,0.32049093484952074,0.42936937170200573
3.757757757757758,0.604345960002556,1.8927872718122556,6.176520484894812,0.2155626662030296,0.7026078868284147,1.6697294276780414,0.19748378310772785,0.3861833531474726,0.6997390506933527,0.22598637949112033,0.3201229690215001,0.4292075522299402
3.762012012012012,0.60203673105814,1.8890622786728133,6.163178444898178,0.2147540236720511,0.699928235276869,1.6677104801583265,0.19763152399724138,0.38926901283629106,0.6987942476349902,0.2255767808610667,0.3197550031934795,0.42888245512360945
3.7662662662662667,0.5997606701808786,1.8847024541039161,6.14725731801586,0.21394538114107253,0.6972485837253228,1.6656915326386112,0.1996797958251202,0.3949428358139209,0.6979220113263638,0.22528796992957953,0.3193870373654589,0.4285573580172787
3.770520520520521,0.5974846093036175,1.880032143569115,6.13154318728816,0.21313673861009402,0.6945689321737769,1.663414788409268,0.2018839918018649,0.4017106228010616,0.6975489030707009,0.2249014780089888,0.31901907153743836,0.4282322609109479
3.774774774774775,0.5952085484263563,1.875927329454365,6.115829056560461,0.21234281153276202,0.6927662538875318,1.6610976305704765,0.20357677623094994,0.4084784097882024,0.6994044996475275,0.2254416741740687,0.3186511057094178,0.4279071638046172
3.7790290290290294,0.5927995204766695,1.871822515339615,6.103392970749326,0.2120016133051873,0.6915386911580911,1.6587804727316846,0.2039746320206125,0.4152461967753438,0.7007276031227954,0.2268198724550068,0.3182831398813972,0.4275820666982864
3.7832832832832834,0.5903713644631052,1.8677399827190333,6.094765203698568,0.21166913907457113,0.6903111284286505,1.6568815525618574,0.20437248781027503,0.41906417178379973,0.699954719861309,0.22819807073594475,0.31791517405337666,0.4270164769118066
3.787537537537538,0.5879432084495408,1.8636758660965578,6.08613743664781,0.21133666484395497,0.6890835656992097,1.6550175294764506,0.20477034359993762,0.4194317572027515,0.6991793772301034,0.2296715651564653,0.3175472082253561,0.4260646656761027
3.791791791791792,0.5855150524359766,1.8596117494740827,6.0776549545675635,0.2110041906133388,0.6878560029697691,1.6531535063910443,0.20482126724808702,0.41979934262170326,0.6984040345988979,0.2311767143843521,0.3171792423973355,0.42511285444039876
3.796046046046046,0.5835802018594625,1.8555476328516076,6.069591602024589,0.21067171638272264,0.6866284402403285,1.6501054870628522,0.20338735956812687,0.42016692804065503,0.6976286919676924,0.23268186361223886,0.31733079555072174,0.42416104320469483
3.8003003003003006,0.5817857270756575,1.8519471711466542,6.061528249481615,0.21033924215210648,0.685311379897463,1.6466137061268453,0.20063188633228873,0.4205345134596068,0.6968533493364868,0.23418701284012577,0.31758886107746065,0.4234760039758251
3.8045545545545547,0.5799252831764853,1.8487024348140433,6.051338953036122,0.20984843582640972,0.6835419064513244,1.643121925190839,0.1970742194259938,0.42090209887855856,0.695585997809655,0.2395384705734476,0.31784692660419955,0.4234731971278451
3.8088088088088092,0.5780139557947284,1.8438371321706422,6.0363560567548955,0.20934586414242537,0.6817724330051855,1.6396301442548324,0.19513367812529858,0.41987480359779794,0.6941750332251204,0.24599250302161652,0.31810499213093835,0.4234703902798651
3.8130630630630633,0.5761026284129717,1.839793756439762,6.021172934640642,0.20884329245844108,0.6800029595590469,1.6371463871306347,0.1933013667138312,0.4139634700323586,0.6925896006400656,0.25251938347485625,0.31836305765767725,0.4234675834318852
3.8173173173173174,0.574191301031215,1.8365529739051594,6.005989812526389,0.20834072077445676,0.6782738193478872,1.6353003996959257,0.19329230190081365,0.407641185018462,0.6908320574645568,0.25505520200469145,0.3186211231844161,0.42346477658390513
3.821571571571572,0.5718280933960695,1.8333121913705563,5.990830115824574,0.20799110585004854,0.6770906030038448,1.633454412261217,0.19094665075969108,0.4013189000045648,0.6890745142890478,0.2553861271437278,0.31887918871115495,0.4234619697359252
3.825825825825826,0.5691625256739148,1.829701798681823,5.975775222820652,0.20768023192677953,0.6759073866598025,1.6315711076266317,0.18813120192679084,0.3949966149906682,0.687316971113539,0.257541002967614,0.31913725423789385,0.42344522716130106
3.8300800800800805,0.5664969579517596,1.8250229173186079,5.960720329816729,0.20736935800351047,0.67472417031576,1.6296664488908301,0.18638441742847223,0.388674329976771,0.6855366303009205,0.2612180517683007,0.3193953197646327,0.4232882302702057
3.8343343343343346,0.5638313902296047,1.8203440359553935,5.945665436812808,0.20705848408024147,0.6735409539717179,1.627761790155029,0.1847842108975789,0.38252428435153996,0.6837492947316246,0.26227594681526156,0.31965338529137155,0.42313123337911035
3.838588588588589,0.5615169713116508,1.8153645202082171,5.9306009614647195,0.2067476101569724,0.6723577376276754,1.6253938005272381,0.18318400436668542,0.37799535946489005,0.6819619591623286,0.2631710455396999,0.32052810652190866,0.422974236488015
3.842842842842843,0.5596233033983999,1.8098293136789103,5.921086557074603,0.20643673623370337,0.6711745212836331,1.6223404521416147,0.1818613877399482,0.3734664345782406,0.6801746235930328,0.2649270327432024,0.322001504724693,0.4228172395969197
3.8470970970970972,0.5577370400798716,1.8056245182664408,5.911572152684487,0.20603008014333743,0.6695650013670458,1.6192871037559913,0.1807201217907468,0.36893750969159117,0.6783872880237369,0.2670575775669525,0.3234749029274774,0.42266024270582436
3.8513513513513518,0.5558777299974127,1.801419722853971,5.90205774829437,0.205555726576514,0.667863692490657,1.6162337553703674,0.17957885584154532,0.3644085848049412,0.6765999524544409,0.2694824466097003,0.32646908579724015,0.422503245814729
3.855605605605606,0.5540184199149539,1.7970845379625064,5.893230815796921,0.2050813730096906,0.6661623836142684,1.6133927112304818,0.1784375898923439,0.3618092145024598,0.675153822906566,0.27528163968857744,0.33352343059911993,0.4218855828750827
3.8598598598598604,0.552159109832495,1.7918989621227386,5.884598632408027,0.20460701944286713,0.6644409721774427,1.6112213844754557,0.17730339542351514,0.3593482585450969,0.674038984014981,0.281182652330474,0.3401895044663059,0.4211916392932802
3.8641141141141144,0.5501523619915063,1.7867133862829712,5.875966449019134,0.20418126957493415,0.6630218243238244,1.6090500577204299,0.17617671774342586,0.35688730258773416,0.6729241451233963,0.28471950442987837,0.3437035395160758,0.42049769571147766
3.8683683683683685,0.5475707728256817,1.7815278104432037,5.861793284204607,0.20381833739734967,0.6532915023297956,1.6068430356003893,0.17498926157180816,0.3544263466303715,0.6718093062318113,0.2854137029100199,0.3472175745658458,0.41980375212967525
3.872622622622623,0.5449891836598566,1.775178417270204,5.846088375296834,0.20345540521976513,0.6541913147090943,1.6045162475290011,0.17368753125979436,0.3519653906730086,0.6707200090245484,0.2861079013901615,0.350731609615616,0.4195820130882767
3.876876876876877,0.542407594494032,1.7708890406021118,5.830387499366473,0.2030924730421806,0.6593245724376662,1.6021894594576134,0.17238580094778067,0.34950443471564585,0.6696784350203059,0.2869334156056134,0.3545020871608192,0.41958445925075943
3.8811311311311316,0.5398302402076698,1.7667179096325472,5.814686623436111,0.20272954086459605,0.6580043557880542,1.5998626713862252,0.17143182763681272,0.3469522945877034,0.6686368610160631,0.2877857794522672,0.35766048159109587,0.41958690541324223
3.8853853853853857,0.5375817017271849,1.762546778662983,5.803195404486674,0.20236660868701156,0.6426676300838406,1.5967370815763593,0.17082668059097134,0.34435343628769133,0.6675952870118205,0.28861030477547023,0.3593654662657877,0.419589351575725
3.8896396396396398,0.5353331632466999,1.7587041213730497,5.794634020400585,0.20199541507867633,0.6272120483695875,1.593577813654624,0.170378555889029,0.3417545779876793,0.6665537130075779,0.28932251861981734,0.36132415497745496,0.4195917977382078
3.8938938938938943,0.533138675994155,1.7550392240984247,5.786072636314493,0.2015648737775973,0.6340380420173274,1.5904185457328883,0.1698736299025937,0.33915571968766695,0.6655121390033352,0.29003473246416445,0.364136004827166,0.4195942439006906
3.8981481481481484,0.5309625577536287,1.7513743268238002,5.777449365849915,0.2011343324765183,0.6432685813359027,1.5872592778111532,0.16936870391615846,0.3368309690196765,0.664471897121117,0.2880279375064032,0.3669478546768768,0.419708232466777
3.902402402402403,0.5290390432485812,1.7471904846337134,5.768677201027739,0.20070379117543924,0.6459498161394875,1.584120196217566,0.16886377792972318,0.33578895651707547,0.6634799580384722,0.28503717694568864,0.36975970452658785,0.4200095673574001
3.906656656656657,0.5271782717581572,1.7432505834606302,5.759905036205565,0.20027324987436024,0.6418236297890485,1.5809878839429228,0.16837888881649232,0.3348077304836041,0.6624880189558273,0.28538027297258045,0.37665271361897745,0.42031090224802314
3.910910910910911,0.5253175002677333,1.7400182993006863,5.750488463383441,0.19990002229398493,0.639715188385853,1.5778555716682794,0.1680528050876879,0.33382650445013284,0.6614960798731826,0.28630732456664354,0.3835663051060395,0.42061223713864615
3.9151651651651656,0.5234567287773092,1.736786015140742,5.739271508687785,0.19953152910337169,0.6467689289309454,1.5746412329490636,0.16775497903128045,0.3328452784166614,0.6605041407905377,0.28721610880787785,0.39047989659310234,0.42091357202926927
3.9194194194194196,0.5215959572868852,1.7327720337785784,5.728221889575642,0.19916303591275847,0.6455137900636416,1.5718297197744682,0.16746327818613782,0.33186405238319006,0.6595122017078928,0.288124893049112,0.3973934880801644,0.4212149069198923
3.923673673673674,0.5197351857964612,1.7276291269898398,5.717172270463498,0.19879454272214522,0.6442586511963377,1.5694243520131863,0.16717157734099514,0.33086087174006784,0.6585202626252479,0.28749027251639026,0.4053331181437356,0.4215354014939645
3.927927927927928,0.5175510547717332,1.7224862202011018,5.706003719509733,0.198426049531532,0.643003512329034,1.5670189842519044,0.1668798764958525,0.32967055108593646,0.6575084287491582,0.29166714130946314,0.4080048375822154,0.4224470344160586
3.9321821821821823,0.5149699633251357,1.717171557730712,5.689204165087543,0.19805755634091882,0.6417483734617302,1.5646136164906226,0.16658817565070988,0.3284802304318051,0.6564876990567575,0.29500317963443945,0.4111520770015923,0.4233632121291354
3.936436436436437,0.5124131950424717,1.71008558191778,5.6724046106653505,0.1976540709734191,0.6402467760425856,1.5622082487293403,0.16623335650924537,0.32728990977767364,0.6554669693643569,0.29469458654611813,0.4200358260565282,0.42427938984221225
3.940690690690691,0.5099867133664161,1.7058547619299806,5.655605056243161,0.19722033770653685,0.6386748168749683,1.5598028809680584,0.1657963530180055,0.3260995891235423,0.6544462396719564,0.2955713537289468,0.4311309613259981,0.425195567555289
3.9449449449449454,0.5077283000338558,1.7016239419421808,5.639216078282272,0.1967866044396546,0.6341963037077023,1.5573439615866649,0.16528472323106824,0.3253346411306973,0.6534402593935797,0.3033135796091374,0.4422260965954692,0.4254095729893428
3.9491991991991995,0.5061885930085718,1.6973931219543816,5.630748516350923,0.19635287117277234,0.6076768368016481,1.554543222190706,0.164773093444131,0.324904806784187,0.6524532800197157,0.3110558054893272,0.4500936650791397,0.42541055833533936
3.9534534534534536,0.5046488859832876,1.6949582808327799,5.624746876968848,0.19585079819780354,0.5986051661786,1.5517424827947468,0.16430318445242847,0.3244749724376766,0.6514663006458516,0.31879803136951695,0.4508168733901766,0.42541154368133605
3.957707707707708,0.5031091789580033,1.6929626171599608,5.618745237586772,0.1953145901513162,0.6135821041877766,1.5489699338489644,0.1639032234216749,0.3240451380911662,0.6504793212719873,0.3183036710085261,0.45075849567900117,0.4254125290273327
3.961961961961962,0.5015694719327193,1.6909669534871417,5.6126712690010425,0.19479461937842102,0.6284394182451372,1.5466774969078867,0.16361919877465536,0.32361530374465586,0.6494923418981233,0.3096339858265911,0.45070011796782583,0.4254135143733293
3.9662162162162167,0.4995206690969382,1.68756611876801,5.606493203506636,0.19427464860552573,0.6174414019889292,1.5447420313700393,0.16333517412763576,0.32318546939814546,0.648505362524259,0.30566044785404284,0.4506417402566505,0.425414499719326
3.9704704704704707,0.49742113629443213,1.6838409858524832,5.600315138012231,0.19375467783263056,0.6064433857327223,1.5428664419533535,0.16305114948061622,0.3226173012605189,0.6475187381846623,0.30493935844636777,0.45058336254547504,0.4247971177927049
3.974724724724725,0.49532160349192605,1.6802609077726984,5.592262896250098,0.1934171584650378,0.6104268135800941,1.5409908525366678,0.16276712483359668,0.32186295929310926,0.6465782243068476,0.30421826903869265,0.44857549716354994,0.42300770131116205
3.9789789789789793,0.49322207068941976,1.6766808296929132,5.580376820234626,0.19308347539327453,0.6246923596827889,1.539115263119982,0.16247966458836688,0.3211086173256995,0.645637710429033,0.3034971796310175,0.44174240550694843,0.4212182848296191
3.9832332332332334,0.49148882715104236,1.6731156079264564,5.568335538693557,0.1927497923215113,0.6274453521220228,1.5372396737032963,0.16211378413959437,0.32035427535828986,0.6446971965512183,0.30211817189770496,0.43270688164573545,0.41942886834807624
3.987487487487488,0.4900165692366328,1.6695688331852294,5.556294257152485,0.19241610924974806,0.6152458431561127,1.5353640842866105,0.16165356361030514,0.3196394569333799,0.6437566826734035,0.294983698371034,0.4189172752475463,0.41763945186653323
3.991741741741742,0.4885443113222234,1.6660220584440029,5.544254445786831,0.19208242617798482,0.5975228795163215,1.533023792998461,0.16115804593057997,0.3192313442371736,0.6427774251893938,0.2863744356290271,0.40213274708011404,0.4158500353849904
3.995995995995996,0.48689102454980315,1.662418186408074,5.532291325817038,0.1917487431062216,0.6000571035126505,1.5299869328325755,0.1606625282508548,0.31883583352555744,0.6417805081498251,0.27776517288702024,0.392643639737987,0.4140606189034476
4.00025025025025,0.4850527499501291,1.6577722608154588,5.520608904493321,0.1913002713395689,0.6087954990672271,1.52695007266669,0.16024791193711596,0.3184403228139414,0.6407835911102564,0.2704177691282059,0.38747904550901624,0.41250064185905855
4.004504504504505,0.4835984021756212,1.6531506295330218,5.508997924178557,0.19069079057177826,0.609389982778409,1.5237867217425451,0.159919166341611,0.31804481210232527,0.6397866740706875,0.2678916496857523,0.38231445128004504,0.41097258910432344
4.008758758758759,0.4822333404027843,1.6485289982505846,5.497386943863793,0.1900795385524353,0.5949367973736432,1.5203332311562794,0.15967126667371673,0.3176493013907091,0.6387897570311185,0.2653655302432988,0.3771498570510738,0.4094445363495884
4.013013013013014,0.4808682786299474,1.6439073669681474,5.4858221205114255,0.1894682865330923,0.5804836119688777,1.5172674669243529,0.1594233670058225,0.317253790679093,0.6377928399915496,0.26283941080084516,0.37198526282210254,0.40791648359485333
4.017267267267267,0.4795032168571107,1.6396073425782092,5.47427831709204,0.18889627195469988,0.5917066137658542,1.5142017026924268,0.15917546733792826,0.3167150488807602,0.6367904520830987,0.2603132913583921,0.3668206008625765,0.40690741252483564
4.021521521521522,0.4781381550842738,1.636403126615647,5.46273451367265,0.18851338142121254,0.6050202632975994,1.5111359384605003,0.158927567670034,0.3160900051064201,0.6357662448540589,0.25778717191593853,0.36180285134311985,0.4063366799716853
4.0257757757757755,0.47677309331143725,1.6334623457869646,5.4512994058083475,0.1881304908877253,0.6049244008818885,1.5080701742285743,0.15864832711951599,0.312686718079504,0.6347420376250191,0.2501359440249849,0.35784950392002135,0.40576594741853506
4.03003003003003,0.4753693924365569,1.6305215649582818,5.441696445567243,0.187747600354238,0.5925989368179281,1.5053872021273929,0.15825262845952248,0.3092702143792487,0.6337178303959792,0.24480322904388946,0.35389615649692197,0.4051952148653848
4.0342842842842845,0.4738472291213707,1.6274441237635537,5.4351657172210395,0.18736470982075065,0.5822533159321577,1.5028518497503036,0.15774607863432172,0.30647399282153154,0.6326936231669392,0.24091268802745167,0.35065184169192276,0.4046244823122344
4.038538538538539,0.4723250658061846,1.6241244866369935,5.428634988874834,0.18698181928726335,0.5881959888280013,1.5003164973732144,0.15722477845113042,0.30365797843865594,0.63170910935851,0.23702214701101387,0.34570575946092835,0.4040537497590841
4.042792792792794,0.47080290249099843,1.6208048495104335,5.422104260528631,0.18659892875377604,0.5941386617238451,1.4977811449961247,0.15670347826793912,0.3014224773637752,0.6307304667632658,0.2331316059945761,0.3398776677165507,0.4034735936938112
4.047047047047047,0.4692807391758126,1.6170989611912607,5.415435443712831,0.18608011046272965,0.5764955525289603,1.495245792619036,0.15630864131295202,0.29944511490815906,0.6297518241680218,0.22924106497813912,0.33403657689972266,0.40243215343134975
4.051301301301302,0.467722183435647,1.6121690745250494,5.408754317908063,0.18548267152619785,0.5492434536284426,1.4926994304190906,0.15598954356416078,0.2979553425577659,0.6287731815727776,0.22535052396170135,0.3280772819443232,0.4013811059347291
4.055555555555555,0.4660671314910198,1.608060733703733,5.4020731921032965,0.18488523258966616,0.5472017050560476,1.490058100230951,0.15572101460805726,0.29951463078746066,0.6277945389775336,0.22146724582074645,0.3226471246111159,0.40033005843810876
4.05980980980981,0.4644120795463922,1.6039643957959386,5.389840639541925,0.18428779365313433,0.5451599564836519,1.4870125468187534,0.15545248565195363,0.3010739190171558,0.6268158963822894,0.21763186014541835,0.320495535873077,0.3992790109414881
4.064064064064064,0.4627570276017646,1.5998680578881448,5.375874446202523,0.18371394656629547,0.5555231564366162,1.483966993406556,0.15518395669585,0.29971797979599935,0.6258327842128774,0.2137964744700902,0.3184808201261992,0.3986157442219028
4.068318318318319,0.46110197565713706,1.5961704910422068,5.361815687771562,0.18321479254087897,0.5428199158384475,1.4809214399943587,0.15491542773974643,0.2962826779885662,0.6248374736385596,0.21213017452522281,0.31301644057860567,0.39819656118635804
4.072572572572573,0.4594469237125095,1.5925438099708187,5.347756929340601,0.1827156385154625,0.5398953508954089,1.477875886582161,0.15462008782778627,0.2928861263359893,0.6238421630642419,0.21131526210110152,0.30867034174811314,0.39777737815081327
4.076826826826827,0.4578092530803943,1.5889171288994315,5.335221603616506,0.18221648449004613,0.5381699521628724,1.475125729878283,0.15424706016963702,0.2908977898708073,0.6228468524899244,0.21085301328592615,0.3050834858175738,0.3973581951152686
4.081081081081082,0.45621643016991165,1.5850005726784029,5.3252671208841,0.18171733046462962,0.5462574613654811,1.4724685934358541,0.1538271643823812,0.2889094534056249,0.6218515419156068,0.21052104582005104,0.30149662988703363,0.3969390120797238
4.085335335335335,0.4546236072594294,1.5808190481718958,5.315312638151696,0.18129586128542824,0.5654800707008532,1.4698114569934257,0.15340279653087477,0.2876756417157308,0.6207977328202354,0.210189078354176,0.2979097739564943,0.39651982904417915
4.08958958958959,0.45303078434894684,1.5768930682025464,5.305358155419291,0.18089020338496598,0.5568267964366068,1.4671543205509971,0.15297842867936826,0.2872928066288434,0.6197330731069761,0.2098571108883009,0.2963573741129062,0.39609334291045034
4.093843843843844,0.45143796143846426,1.572967088233197,5.29610677541187,0.18048547562012718,0.5481735221723607,1.4644626364919042,0.15264307487148243,0.28690997154195597,0.6186684133937168,0.20952514342242579,0.29513362401648635,0.3952835453852975
4.098098098098099,0.4498753397249408,1.5690411082638476,5.28571851916203,0.1800946488099863,0.5531222298231935,1.4617211856802053,0.15236561694221348,0.2875416342315982,0.6176037536804575,0.20919317595655068,0.29390987392006646,0.3944650516956568
4.102352352352353,0.4484034944717611,1.5651522483818718,5.2752667411833585,0.17970382199984541,0.5662601324886074,1.4590093016491652,0.15213093196196772,0.2882670284929335,0.6165510210861592,0.20886738876266162,0.29268612382364656,0.3936465580060162
4.106606606606607,0.44693164921858164,1.5619874820292012,5.264814963204691,0.17931299518970462,0.5761374436252868,1.4562974176181256,0.15189624698172202,0.28795882079132296,0.6155139725176236,0.20853827996923707,0.291462373727227,0.39282806431637574
4.1108608608608606,0.44545980396540225,1.558822715676531,5.254339773686221,0.17888268652621153,0.573608161415522,1.453585533587086,0.1516615620014763,0.28580129045939806,0.6144769239490879,0.2082091711758125,0.2902736687852021,0.392316626812617
4.115115115115115,0.4439879587122225,1.55565794932386,5.2456325627367235,0.17827365879877763,0.570715351236489,1.450873649556046,0.15142687702123053,0.2836437601274727,0.613439875380552,0.20788006238238788,0.2897700030497199,0.3920476858001003
4.11936936936937,0.4425161134590428,1.552704074249414,5.238660597298884,0.17766463107134373,0.5765029898735976,1.4481617655250059,0.15117444018947274,0.2837766737192937,0.6124028268120161,0.20755077483606021,0.2892915442039393,0.39177874478758357
4.123623623623624,0.441026063249363,1.54995130210953,5.231688631861044,0.17705560334390982,0.5819312505570943,1.445782218566921,0.1508379924339749,0.2844667685816724,0.6113657782434803,0.20732193496298118,0.28881308535815875,0.39150980377506694
4.127877877877879,0.43945678269932364,1.5471985299696462,5.224713825810272,0.17644657561647592,0.5802296506829838,1.4435644563272763,0.15040890424576303,0.28498344060076364,0.6103287296749443,0.20715216407182574,0.2883346265123782,0.39124086276255027
4.132132132132132,0.43788750214928457,1.543952037647983,5.217585229161627,0.17602987997808472,0.5792118069034573,1.441346694087632,0.14995881388369398,0.2850236701228243,0.6094664358134095,0.2069823931806703,0.2878561676665977,0.3909719217500336
4.136386386386387,0.4363182215992452,1.539696217221072,5.210456632512981,0.17568729315501974,0.573410846770936,1.4391289318479874,0.1495087235216248,0.2850921813063606,0.608668076419151,0.20681262228951486,0.28737770882081715,0.39070298073751697
4.14064064064064,0.43474894104920614,1.5358185293463673,5.2033280358643355,0.17534470633195487,0.5774035602829798,1.4367708763510465,0.14906036085503888,0.28555468865484146,0.6078697170248927,0.20664285139835942,0.2868992499750367,0.3904377624236218
4.144894894894895,0.4331722534045604,1.531940841471662,5.192437744304819,0.17505198515242795,0.5765384729420493,1.4339207735468105,0.14861427425009455,0.2861937611762423,0.6070713576306341,0.20647308050720395,0.2864207911292561,0.39017312574542684
4.1491491491491495,0.43152810515706663,1.5280631535969564,5.180573312852944,0.17472247430804816,0.5756528635371092,1.431298737697897,0.148171218151882,0.28694422344602183,0.6062670912756135,0.20629244997658913,0.28594233228347554,0.38990848906723186
4.153403403403404,0.4298839569095728,1.5245653811287765,5.1686484955499585,0.1742637597282805,0.5747464704891778,1.4286767018489832,0.1477281620536695,0.2884002324620917,0.605446911756544,0.20594292968673317,0.28546387343769497,0.3896438523890368
4.1576576576576585,0.42823980866207906,1.5211383836078554,5.156723678246973,0.1738050451485129,0.5738400774412464,1.4260546660000697,0.1473017876157033,0.28985624147816147,0.6046267322374745,0.20558234720290877,0.2849854145919144,0.3893792157108418
4.161911911911912,0.42659566041458563,1.517711386086935,5.145220926760281,0.17334633056874532,0.5729336843933153,1.4241044648274404,0.14693553970945591,0.2894827856096848,0.6038065527184052,0.20522176471908446,0.28455110198167477,0.3891145790326469
4.166166166166167,0.42495151216709187,1.5141789350105663,5.13466582802634,0.1728876159889777,0.5720272913453838,1.4224278257334633,0.1466890442427581,0.2877815717429517,0.6029863731993358,0.20486118223526006,0.28412632316840314,0.38876123375035815
4.17042042042042,0.42330736391959845,1.5101420457509787,5.124624448840834,0.172546330788942,0.5711208982974525,1.4207511866394862,0.14646461227318297,0.2860534658809788,0.6021661936802665,0.2045903486648375,0.2837015443551316,0.3877791887921078
4.174674674674675,0.4218964044492247,1.505593555491633,5.114583069655325,0.17224613165794314,0.5670523665324774,1.419074547545509,0.14624018030360778,0.28327624911008187,0.6013460141611969,0.20443224694393947,0.28327676554186,0.3867971438338573
4.178928928928929,0.42049394147409824,1.5010450652322875,5.104541690469815,0.1719459325269443,0.5512259241900821,1.417397908451532,0.14601574833403258,0.280470798631132,0.6004327682959754,0.2042741452230414,0.28285198672858836,0.3858150988756067
4.183183183183184,0.4190914784989718,1.4964965749729418,5.09258887448722,0.17164573339594547,0.5415141761548501,1.415721269357555,0.1457913163644574,0.2781512554597497,0.5994232304901435,0.2041160435021434,0.2824272079153167,0.3848330539173562
4.187437437437438,0.41768901552384535,1.4914107582424232,5.080155658467778,0.17134553426494664,0.5318024281196179,1.4140446302635779,0.1455347633305253,0.2764306351037983,0.5984136926843115,0.20395794178124538,0.2820024291020451,0.38397273774357965
4.191691691691692,0.4162865525487192,1.487510180988793,5.067722442448338,0.17105735320742113,0.5205961721279115,1.4115208246423876,0.14522741205663223,0.2747100147478472,0.5974041548784799,0.20379984006034735,0.2815776502887736,0.3831920911527936
4.195945945945946,0.4151086466106061,1.483907793307833,5.055312699624867,0.17077563861386355,0.5092549320429381,1.4091395900866561,0.144761738134122,0.27398959799899186,0.5963946170726482,0.20364185313088526,0.281152871475502,0.3824114445620076
4.2002002002002,0.4139806956784135,1.4803054056268725,5.044287627539774,0.17039041667288127,0.5056562488019688,1.4067723875354083,0.14429606421161167,0.27336665616899675,0.5954588086436392,0.203402750723863,0.28072809266223037,0.38163079797122135
4.204454454454455,0.4128527447462209,1.4768849620530684,5.036936957601171,0.1700332340961222,0.5101229254386663,1.4044051849841606,0.14383039028910136,0.27284810461071585,0.5945244853229386,0.20311459158500944,0.28030331384895874,0.38087565681014446
4.208708708708709,0.4117247938140283,1.4741660779640249,5.029586287662568,0.16974880796665942,0.5132719454116683,1.4020455860163747,0.14343188622848357,0.2725175657119877,0.5935901620022377,0.20282643244615592,0.27985344255951244,0.3804915132769018
4.212962962962964,0.41059684288183573,1.471833032326814,5.022235617723964,0.16946438183719664,0.4992439195474541,1.3996978491747916,0.14314162383204773,0.27218702681325957,0.592655838681537,0.2025382733073024,0.27937931955402906,0.38010736974365905
4.217217217217218,0.40946889194964314,1.4694999866896032,5.014788857271919,0.16917995570773386,0.4951895902382787,1.3973501123332084,0.14294687631774367,0.2724249243054072,0.5917212367899833,0.2022589489001424,0.27890519654854573,0.3797232262104163
4.221471471471472,0.40824852716687443,1.4671669410523933,5.006465343097624,0.16889552957827114,0.49406218338385144,1.3950023754916256,0.14275212880343963,0.27280483182159865,0.5907862625436382,0.20210249470867198,0.2784310735430625,0.3793390826771737
4.2257257257257255,0.40696977756535946,1.4648500564758553,4.997796941591481,0.16861110344880842,0.4929347765294242,1.392654638650043,0.1425573812891356,0.2733318720626178,0.5898499266056865,0.20194604051720155,0.2779569505375793,0.3789549391439311
4.22997997997998,0.40569102796384426,1.4625405679607102,4.989128540085339,0.16832667731934567,0.4918073696749967,1.3900523391414699,0.14236263377483152,0.27431452039073934,0.5889035968329996,0.20178958632573107,0.27748282753209585,0.37857079561068835
4.2342342342342345,0.40441227836232907,1.460231079445565,4.980442546140562,0.16801045222795197,0.49082506947738813,1.3873966064629113,0.1421642455893588,0.275297168718861,0.5879572670603129,0.20163313213426065,0.2770087045266125,0.3781089159310912
4.238488488488489,0.40313352876081376,1.4572258013447643,4.971799878180233,0.1676621850759286,0.4899468068729343,1.3847408737843527,0.14189959854253992,0.27501590505530604,0.5870109372876262,0.20147667794279017,0.2765345815211292,0.3773610766363641
4.2427427427427435,0.401812361371223,1.4531836160298592,4.96423398551612,0.16727995000151988,0.49439851572591353,1.3818311020020686,0.14149110828880185,0.27416348176508987,0.5860646075149394,0.20132022375131972,0.27606045851564587,0.376613237341637
4.246996996996997,0.4004292393264201,1.4485621919984775,4.956668092852009,0.16689771492711125,0.5105815541108751,1.3789857696625356,0.14100647310098152,0.27342411510786513,0.5851071257973433,0.20114480794211093,0.2755863355101626,0.37586539804690994
4.251251251251252,0.39904611728161693,1.4439407679670948,4.949102200187896,0.16651547985270254,0.5099046626596249,1.3770725329790712,0.1405218379131611,0.2734273558546288,0.5841408453592076,0.2009037567651249,0.27511221250467927,0.3751175587521828
4.255505505505505,0.39766299523681403,1.439319343935713,4.941860355631845,0.1661332447782939,0.4857628732989672,1.3751592962956074,0.14003815974410921,0.27343059660139246,0.5831745649210723,0.20066270558813892,0.2746361198313233,0.3746779636628521
4.25975975975976,0.39627987319201086,1.435348868343631,4.934900164975358,0.16575100970388518,0.4839874026852169,1.373246059612143,0.13956332823061843,0.2727596919142661,0.5822082844829367,0.2004216544111529,0.27413636907533456,0.3744265416781063
4.264014014014014,0.3948967511472077,1.4323720192879688,4.927939974318871,0.16536877462947647,0.4825669903788128,1.3713328229286788,0.1392239196726322,0.27159646318869535,0.5812420040448012,0.2001806233552177,0.27363626859002627,0.3741751196933605
4.268268268268269,0.39352607925659755,1.4302386348297242,4.920718649224902,0.16498653955506776,0.48118560118946385,1.3694195862452143,0.13888451111464598,0.2704541416122123,0.5802890558710736,0.20000542501877022,0.273136168104718,0.3739236977086146
4.272522522522523,0.3922390499663043,1.4281052503714795,4.912601653240527,0.16460430448065905,0.4798042120001149,1.3675063495617499,0.13854510255665975,0.27029755020930846,0.5793367509219682,0.19986342941755908,0.2726360676194098,0.3736722757238688
4.276776776776777,0.3909520206760114,1.4259756888234465,4.904525706264666,0.16422206940625045,0.4784228228107662,1.3654207985092464,0.13824647913737723,0.27014941054925656,0.5783922936016361,0.199721433816348,0.2721359671341016,0.373420853739123
4.2810310310310316,0.3896649913857182,1.4238611577778413,4.896453346995097,0.16384217543943952,0.47704210566895966,1.3629731179041706,0.13798786767698074,0.26965127473856404,0.5774526658358043,0.19957943821513685,0.27163586664879336,0.37316943175437717
4.285285285285285,0.38837796209542524,1.4217466267322367,4.8883809877255295,0.1634871827052925,0.48544796671588447,1.3605254372990956,0.1377799056798196,0.26874002245159134,0.5765130380699727,0.1994374426139257,0.2711357661634852,0.3724561334579456
4.28953953953954,0.38709093280513207,1.4196320956866315,4.879645172876204,0.16315223103416596,0.5062061711428922,1.3580777566940196,0.1375719436826584,0.2678287701646185,0.5755734103041409,0.19929544701271457,0.270635665678177,0.3715372516239603
4.293793793793794,0.3859079296052761,1.4169722499020687,4.8704152011157475,0.16282529882537655,0.4969883399030205,1.355812217433002,0.13736398168549724,0.2682339205165539,0.5746341169476277,0.19915318615420108,0.27013556519286874,0.370618369789975
4.298048048048049,0.384741460756783,1.4138862745039562,4.861072827527084,0.16249836661658712,0.4783108780072647,1.3533401065707311,0.13715601968833607,0.2687697704976554,0.5737451227887345,0.198953976645331,0.26963546470756045,0.3696994879559897
4.302302302302303,0.3835749919082898,1.41080555214438,4.851730453938421,0.16217143440779772,0.46973435632926963,1.3507710582855026,0.1369480576911749,0.26927417044852914,0.5728561286298413,0.19872698134141645,0.2691353642222522,0.3688165724935069
4.306556556556557,0.382408523059797,1.4077248297848044,4.8423880803497585,0.16184450219900837,0.47753777042380385,1.3482020100002743,0.13679080857480413,0.2697208725873842,0.5719671344709483,0.19849998603750196,0.2687015997430634,0.368695699381574
4.3108108108108105,0.3812420542113041,1.404644107425229,4.8341879237475265,0.16151756999021902,0.48604371113606587,1.3456329617150462,0.1366404866662506,0.27016757472623926,0.5710781403120551,0.19827299073358745,0.2683413923518534,0.368574826269641
4.315065065065065,0.38007558536281094,1.401582356852299,4.826054091547263,0.1611906377814296,0.4783050619502648,1.343049988384732,0.13649016475769699,0.2697676089268548,0.5701833571278832,0.19804429624364123,0.2679811849606434,0.368453953157708
4.31931931931932,0.37887455981028945,1.3985411242295829,4.817920259346999,0.16086370557264018,0.4693984955126969,1.3398768893839172,0.13635640470822818,0.26915050868476753,0.5692776930662138,0.19781553577734154,0.2676209775694333,0.36833308004577503
4.323573573573574,0.3776409005132265,1.3955018634552698,4.80974460758279,0.16053677336385075,0.47527014194354666,1.3367037903831023,0.13621353897361313,0.26853189873466393,0.5683720290045446,0.19758679541817903,0.26726077017822325,0.36821220693384205
4.327827827827829,0.3764072412161636,1.3924626026809566,4.801477724661334,0.16020984115506134,0.49499766761116687,1.3335306913822875,0.1359914606738783,0.2679611945539898,0.56756452490132,0.19735805505901655,0.2669005627870132,0.3680913338219091
4.332082082082082,0.3755901607293268,1.3894292031373459,4.793240126224979,0.15986670513568457,0.5105192179441,1.3303575923814734,0.13576938237414352,0.26739646179020904,0.5667583674776477,0.1971293146998541,0.26654035539580323,0.3679400661293961
4.336336336336337,0.37507557642673695,1.3863397040680066,4.78500252778862,0.15950103887179862,0.49046567673324615,1.3276882479535692,0.13554730407440868,0.2664151571073746,0.5659410943533945,0.1969351918240159,0.2661801480045931,0.36704643013308036
4.34059059059059,0.3745609921241472,1.3829804094215117,4.7767649293522645,0.1591050673961159,0.4704121355223964,1.3258949298111082,0.13532522577467387,0.26524211334417247,0.5651182817327296,0.19681794043856451,0.26581994061338315,0.366150151683177
4.344844844844845,0.3740464078215573,1.3796211147750164,4.768946527259187,0.15870909592043314,0.4707439435573656,1.323889561672475,0.1351042415325101,0.26437246192246167,0.5642954691120645,0.19670484966143648,0.2654597332221731,0.3652538732332734
4.349099099099099,0.37346876718052274,1.3762618201285206,4.7614281728042025,0.15831312444475037,0.4801875780251007,1.320542703229354,0.13488425955808964,0.2655271253578353,0.5634726564913994,0.1965989207570244,0.2650995258309631,0.3643575947833698
4.353353353353354,0.3726568303355071,1.3729136033897302,4.753924827815167,0.1579171529690676,0.4813262711806151,1.3168579471255095,0.13466427758366922,0.26668178879320903,0.5626498438707344,0.19649299185261232,0.26473931843975296,0.36346617051935937
4.3576076076076085,0.37184489349049143,1.369770257602072,4.746421482826131,0.15752118149338484,0.4609335930942453,1.3135585170527226,0.13444429560924875,0.26728787063251114,0.5618553624565077,0.19638706294820024,0.2642824032161103,0.3625843321903881
4.361861861861862,0.371032956645476,1.3668089314056424,4.738918137837098,0.1571252100177022,0.4551289459651535,1.3106018680552216,0.1342243136348284,0.26748588840861576,0.5610618810903547,0.19628113404378822,0.26379496541781405,0.36170249386141706
4.366116116116117,0.3702210198004603,1.3638476052092119,4.73131887251809,0.15672923854201942,0.45404966937375113,1.3072507052613422,0.134094454844287,0.267654151696105,0.5602683997242016,0.1961263257401425,0.2633075276195177,0.3608206555324458
4.37037037037037,0.36952190818767416,1.360886279012782,4.722788905018631,0.1563332670663367,0.4727297625831085,1.3028806469177616,0.13399991089879212,0.2660828277346498,0.5594749183580486,0.1958211882552044,0.2628200898212214,0.35993881720347476
4.374624624624625,0.36889036313272994,1.3576946215181014,4.714111675224479,0.15593729559065397,0.48290775004716785,1.29851058857418,0.13390836007361645,0.2645160435983389,0.5586994032189775,0.19551605077026626,0.26233265202292505,0.35945582971067613
4.378878878878879,0.3682588180777857,1.3541907933562056,4.705434445430326,0.1555413241149712,0.482578779660263,1.2944315546724905,0.13381680924844083,0.26274929341217995,0.5579883810837827,0.1952109132853281,0.2618452142246287,0.3592242046485638
4.383133133133134,0.3676272730228415,1.3506196972422106,4.696740579996119,0.15519862879016705,0.48273647490797433,1.2904234516985835,0.13372525842326516,0.2607142159606138,0.5572773589485878,0.19490577580038995,0.2613577764263323,0.3589925795864514
4.387387387387388,0.36699572796789726,1.3470486011282157,4.688098248207986,0.15490368488298994,0.4956688618192614,1.2870812042265167,0.1336337075980895,0.25867913850904767,0.5565943567337681,0.1946999002674491,0.26087033862803594,0.3587609545243391
4.391641641641642,0.3663663801831078,1.3435163197509608,4.680463247456956,0.15466699438739556,0.5086012487305457,1.284300333302527,0.1335421567729139,0.2566638376196824,0.5559154662340202,0.1945922966310623,0.26038290082973964,0.3585293294622267
4.395895895895896,0.3657377432141512,1.3406156550826198,4.672828246705926,0.15443030389180118,0.5119878776750209,1.281519462378537,0.13339747314492215,0.2546506016542752,0.5552365757342722,0.1944846929946755,0.2598954630314434,0.3582977044001144
4.40015015015015,0.36510910624519444,1.3386090754765327,4.665193245954894,0.15419361339620674,0.5095049469731683,1.2787385914545464,0.1332302077387828,0.25320920083174786,0.5545576852345241,0.19437708935828868,0.259408025233147,0.35806607933800205
4.404404404404405,0.3644804692762377,1.3366024958704457,4.657507092478075,0.1539569229006123,0.5106274637434326,1.2759577205305561,0.13306294233264343,0.25283652036382676,0.5538771106250084,0.19426948572190184,0.25892058743485064,0.3574434169880192
4.408658658658659,0.3638518323072809,1.3345959162643586,4.649368440471874,0.15372023240501786,0.511103279650978,1.272976430314309,0.13289567692650406,0.2524638398959057,0.5531837281588972,0.19416188208551502,0.25842663001433896,0.35641463811530316
4.412912912912914,0.3631413023146454,1.3324200847977103,4.640572853624214,0.15348354190942343,0.5103279898882884,1.2699460878201423,0.13272841152036474,0.25219286722631185,0.552490345692786,0.1940542784491282,0.25793221938514743,0.3553858592425872
4.417167167167168,0.3624302228049441,1.3298423436591142,4.631777266776552,0.153246851413829,0.5094523418630408,1.2669157453259756,0.13250275497431044,0.2519482223702878,0.5517969632266748,0.19388806987264956,0.2574378087559559,0.35435708036987124
4.421421421421422,0.3617548774014276,1.3272646025205186,4.622981679928894,0.1530101609182346,0.5085736228062016,1.2638854028318094,0.13223368636832797,0.25176388581675596,0.5511035807605638,0.1936258392621091,0.25694339812676453,0.35332830149715544
4.425675675675675,0.36108456661335225,1.324686861381923,4.614468002811586,0.15277347042264022,0.5076949037493623,1.2608518310860712,0.13196211322035872,0.2517559533618047,0.5503461469332245,0.19336360865156865,0.2564489874975731,0.35287399392668284
4.42992992992993,0.3604687003332221,1.3222147131182453,4.608644125352062,0.15253677992704578,0.506816184692523,1.257009605745564,0.13169054007238945,0.25168779800534646,0.5494496708128509,0.19310137804102817,0.2559545768683816,0.35264920663871824
4.4341841841841845,0.36005724389083293,1.320212703233268,4.604625713285359,0.15226575171214798,0.5058003200822947,1.2531385165694096,0.13142398575186648,0.249916366773476,0.5485531946924773,0.19283914743048766,0.25546016623919005,0.35242441935075364
4.438438438438439,0.3596457874484438,1.3186484515018546,4.6006073012186555,0.15194637837821343,0.5049212232983042,1.249267427393255,0.13118665006121383,0.24735444390845396,0.5476567185721037,0.19259410075932393,0.25496575560999857,0.35219963206278904
4.4426926926926935,0.3592343310060546,1.3170841997704414,4.596588889151953,0.1515266289161576,0.5040421265143139,1.2453963382171005,0.13094931437056112,0.24534086420644124,0.5467602424517302,0.19235029886209562,0.25447134498080703,0.35197484477482444
4.446946946946947,0.3588228745636656,1.3154403238293884,4.592649611580773,0.15117959158405028,0.5031630297303238,1.2415631727094172,0.13071197867990852,0.24711754662138044,0.5458637663313567,0.19210649696486737,0.2539769343516156,0.3517500574868599
4.451201201201202,0.35830941053980664,1.312883280206996,4.588727059443311,0.1509249844639237,0.5022839329463333,1.2377317337480065,0.13047464298925582,0.24889422903632,0.5449672902109831,0.1918626950676391,0.2534825237224241,0.35152527019889535
4.455455455455455,0.3576462817743721,1.3099306479105,4.584804507305848,0.15062780902402517,0.5014048361623431,1.2339002947865967,0.13027272225158043,0.24904893363190617,0.5440794121907283,0.19161829135270075,0.2529881218100347,0.3511600454626296
4.45970970970971,0.35698315300893746,1.3068099431552636,4.579320554596693,0.15029816668547805,0.5005257393783528,1.230068855825186,0.13014057726107173,0.2479774937800049,0.5432496216003868,0.191507038692789,0.2525175931986989,0.3506586175202071
4.463963963963964,0.35632002424350284,1.3036892384000274,4.571155902674087,0.14997047025772842,0.4996466425943624,1.2262374168637755,0.13000843227056302,0.2469280841927491,0.5424198310100452,0.19143815488138874,0.252049436721983,0.35015718957778463
4.468218218218219,0.3556568954780681,1.3007399198770835,4.562903289538795,0.14964348406084654,0.4988048277532257,1.2226940708018315,0.12987628728005432,0.24732250437629213,0.5415900404197036,0.19136927106998847,0.25158128024526705,0.34965576163536216
4.472472472472473,0.35425801281634595,1.2982922649461481,4.554650676403504,0.14931649786396467,0.4979646239062191,1.2198109801246633,0.12976264300464807,0.24771692455983518,0.5406927317820145,0.19130038725858822,0.25111312376855116,0.34915433369293963
4.476726726726727,0.35278631522266424,1.2958610404332969,4.546398063268215,0.14898951166708288,0.49712442005921265,1.2169278894474957,0.1296506887741689,0.2473048983199675,0.5397517854380234,0.19123150344718798,0.25064496729183533,0.34821493675054094
4.4809809809809815,0.3513146176289822,1.2934322677680545,4.539280299613384,0.14866252547020103,0.4962842162122061,1.2140447987703276,0.12953873454368975,0.2459642364121201,0.5388069439467226,0.19116261963578773,0.25017681081511944,0.34706599779431235
4.485235235235235,0.34984292003530054,1.2910034951028124,4.533147043901675,0.14832732256284442,0.4955358136656658,1.2111617080931603,0.12942105598679504,0.24462357450427297,0.5378621024554219,0.1910937358243875,0.2497086543384036,0.3459170588380841
4.48948948948949,0.34837122244161856,1.2869990722010827,4.526927001656135,0.14799930601260625,0.49471626617380554,1.2085194202818146,0.1292377008446848,0.24574776919305494,0.5372355033481417,0.19091218537673552,0.2492404978616877,0.3447681198818555
4.493743743743744,0.34619077482926497,1.280665047738392,4.520706959410596,0.14767128946236807,0.4938967186819453,1.206030800668473,0.12905434570257457,0.2471420825169972,0.5366432804945436,0.19062238667611636,0.2487723413849718,0.343619180925627
4.497997997997999,0.34374459592792894,1.2716666635945812,4.514486917165058,0.1473432729121299,0.49301293770420235,1.2035421810551314,0.12887099056046433,0.24757570772347687,0.5360443832403513,0.19033258797549718,0.2483041849082559,0.3434138641383635
4.502252252252253,0.3412984170265929,1.2626682794507706,4.500043573398816,0.14701641060249673,0.4714800949835043,1.2010535614417899,0.1286876354183541,0.2462018240020134,0.5353089796559889,0.19004278927487805,0.24783602843153998,0.34330722422378634
4.506506506506507,0.33885223812525744,1.2536698953069618,4.470567007788269,0.14672569718199036,0.451532238524346,1.1985649418284487,0.12849163801746555,0.24482794028055016,0.5345245189176799,0.18975299919144295,0.24736787195482418,0.3432482507209931
4.5107607607607605,0.3364060592239219,1.2446092318399467,4.4386207463909635,0.146434983761484,0.45327105467116746,1.1965680073124063,0.12824904166500523,0.24513104421782836,0.533740058179371,0.1896003591477743,0.24698172771215846,0.34318927721819986
4.515015015015015,0.3341280055548207,1.2355558015417916,4.406674484993653,0.14614427034097754,0.45500987081798916,1.1949697680831002,0.1280064453125449,0.24587953215770086,0.5329555974410618,0.18952700800645267,0.24661749150617207,0.3431303037154066
4.5192692692692695,0.3318783386545736,1.2268666070913612,4.374728223596341,0.14585355692047114,0.45020220095033775,1.193229108634514,0.12776384896008453,0.24660511636150348,0.5321638626615728,0.18945365686513102,0.2462532553001857,0.3430713302126133
4.523523523523524,0.33005698145003265,1.2181774126409308,4.354236671013829,0.14555814019659752,0.4419660185883628,1.1909892682892147,0.12749816524437285,0.24725653698277783,0.5313664457014218,0.18938030572380937,0.24588901909419936,0.34301235670982005
4.527777777777779,0.3284286587666879,1.2094882181905005,4.3421276059874945,0.14523534771579383,0.43830569945477865,1.1887494279439152,0.1272450505371071,0.24790795760405226,0.5305560139388918,0.18930885850815396,0.245524782888213,0.3428084355195794
4.532032032032032,0.3268003360833436,1.20440403372689,4.330018540961163,0.14491255523499016,0.448952250864315,1.1865095875986165,0.12703363712101812,0.2488745701883714,0.5294715657892144,0.18922612233924307,0.2451605466822267,0.3423183222467495
4.536286286286287,0.3263022693697225,1.2022464932772028,4.3179094759348295,0.1445781836153962,0.45959880227385363,1.184269747253317,0.12682222370492907,0.2500154660129039,0.5283871176395366,0.18913606880203698,0.24479631047624034,0.34162021748442667
4.54054054054054,0.32585153954935797,1.203078900180616,4.30233107183089,0.14423050820276218,0.4535111063516326,1.1818342061859959,0.12661081028884008,0.2507979902227365,0.5274268463053977,0.1890460152648309,0.24443207427025407,0.34092211272210393
4.544794794794795,0.32540080972899343,1.2039113070840293,4.2924875829527895,0.14387550135177385,0.4439170175111926,1.1787928538650458,0.12639939687275106,0.2489988393467128,0.526523767836515,0.18895596172762477,0.2440678380642677,0.340224007959781
4.549049049049049,0.3249500799086289,1.2047437139874426,4.283788366271501,0.14349708555747742,0.44439705988614353,1.175751501544096,0.1261927298231797,0.24719968847068907,0.5256206893676323,0.18886590819041865,0.24370360185828133,0.3395282888858986
4.553303303303304,0.3244469071425186,1.202061025014809,4.270796255256289,0.143118669763181,0.4591176919191846,1.1727101492231462,0.1259927702633107,0.24550023860256132,0.5247176108987497,0.18877585465321256,0.24333936565229497,0.33883702947791117
4.557557557557558,0.32277072827589703,1.1967896310752437,4.257804144241078,0.14274025396888457,0.4738383239522257,1.169668796902196,0.12579281070344173,0.24387670967490682,0.523814532429867,0.18868580111600647,0.2429751294463086,0.3381489650467289
4.561811811811812,0.32109454940927584,1.1887688121211055,4.244812033225868,0.14236183817458825,0.4747578822601459,1.1664928118082627,0.12559285114357277,0.24225896667831393,0.5227291332560711,0.1885573195298236,0.24264338333296925,0.3374609006155468
4.566066066066067,0.3194183705426543,1.1807479931669662,4.223343627216789,0.14199490400195947,0.47567145188567345,1.162963832244912,0.12539289158370379,0.24117088931509623,0.521589236496873,0.18836606287947788,0.24234160994942328,0.3367728361843645
4.57032032032032,0.3177421916760331,1.1727271742128282,4.203582487839398,0.14165365662586452,0.47741210686966906,1.1594348526815623,0.12519293202383486,0.2400828119518787,0.520451176228738,0.18817480622913224,0.2420398365658774,0.33608707049071684
4.574574574574575,0.31613169208061737,1.1664160803985175,4.183821348462002,0.14131240924976946,0.476417485522202,1.1559058731182117,0.12502185913398411,0.2395275686776479,0.5193181620186741,0.1879835495787865,0.2417380631823315,0.33540512284226864
4.578828828828829,0.31508018757854656,1.161331237187061,4.164060209084607,0.14097116187367442,0.4754228641747349,1.152376893554861,0.12488611741631658,0.23961337004787925,0.5181851478086101,0.1877922929284408,0.24143628979878554,0.33472555077643373
4.583083083083084,0.31402868307647575,1.1575353215808193,4.144376835629911,0.1406299144975794,0.4744282428272678,1.1489584889022488,0.12477052598629987,0.23978132556007264,0.5174608886108412,0.18761648112677248,0.24113451641523959,0.3340459787105989
4.587337337337338,0.312977178574405,1.1537394059745776,4.134043275210821,0.1402931913321571,0.4734701993737682,1.145756881684472,0.12465493455628315,0.2393614814427808,0.516824388960413,0.18746570023202302,0.24083274303169366,0.333366406644764
4.591591591591592,0.31192567407233435,1.1499434903683368,4.124126909702951,0.13998351566125605,0.4727003956688473,1.1425552744666962,0.12453934312626647,0.2388716620298763,0.5161837023384888,0.18731491933727362,0.2405309696481478,0.3328568548158046
4.5958458458458455,0.31088527108650826,1.1466600301585754,4.11421054419508,0.139673839990355,0.47201725407731615,1.1393536672489204,0.12442375169624978,0.23865085370834832,0.5155336805566224,0.1871641384425242,0.24022919626460187,0.33254899780516173
4.6001001001001,0.3099127562857008,1.143690237626734,4.104294178687206,0.1393641643194539,0.47133411248578494,1.1361520600311437,0.12430713272789272,0.23894573154313492,0.5148836587747561,0.18701335754777476,0.23992742288105595,0.3323384084614064
4.604354354354355,0.30894024148489335,1.1410226331431144,4.092933002986944,0.13905448864855277,0.45479755687365286,1.1330604358683725,0.12416379262517427,0.23924060937792155,0.5141338827528863,0.18685052926032436,0.23962577265942672,0.332127819117651
4.608608608608609,0.3079677266840859,1.1383550286594948,4.080854037141912,0.13874632066526232,0.42883971996894144,1.1301570067398754,0.12402045252245583,0.23999325595704973,0.5133671566114488,0.1866660858558688,0.23941298579344367,0.3319172297738956
4.612862862862864,0.3069952118832784,1.1356874241758752,4.0680407921334,0.13844061091927534,0.43742055860304824,1.1272535776113783,0.12387711241973738,0.24086859395356786,0.5125959437299203,0.1864816424514133,0.23913511011860422,0.33170664043014025
4.617117117117118,0.3055657511552739,1.1316142717302664,4.054340767788432,0.1381349011732883,0.44852096198190966,1.1243501484828815,0.12373377231701893,0.24183760014662192,0.5118156106515105,0.18629719904695777,0.23878541628395622,0.3314960510863849
4.621371371371372,0.30379595622191913,1.1265130510927954,4.040640743443468,0.13782919142730135,0.446152816448927,1.1214467193543851,0.12358786013635466,0.24311761629542772,0.5110352775731009,0.1861127556425023,0.23843572244930827,0.331213518955134
4.625625625625625,0.3020261612885644,1.1203416981986385,4.026721257135741,0.1375234816813144,0.4311333922106453,1.1188482926589933,0.12338915255610919,0.24439763244423357,0.5103616073176875,0.18597150694350756,0.23808602861466033,0.33058622832551354
4.62987987987988,0.30050302989138133,1.1141703453044802,4.012617028711165,0.13724273309976673,0.41856079720645084,1.116525854000324,0.12315184708406599,0.2445102582152166,0.5097047836987951,0.18588295544088101,0.2377363347800123,0.3296994911857575
4.634134134134134,0.29902880234415624,1.1079989924103217,3.997626049131113,0.13700231657666995,0.42739001153429024,1.1142034153416547,0.12291454161202278,0.2440462215204276,0.5090653653688904,0.185795722206182,0.23738664094536427,0.3288127540460013
4.638388388388389,0.29831742596117033,1.1034952932128625,3.9802797177971545,0.1367619000535732,0.43630009900938094,1.1118809766829854,0.1226772361399796,0.24361374876878483,0.5084618350014476,0.1857106555886373,0.23703694711071624,0.32792601690624523
4.6426426426426435,0.2976060495781845,1.1002679670942268,3.9629333864631966,0.1365302680986073,0.4259512424250127,1.109558538024316,0.12244266985224417,0.24381240962660516,0.5078583046340049,0.18562558897109266,0.23668725327606824,0.3270771530524611
4.646896896896897,0.2968946731951987,1.098436797836726,3.945714205349784,0.13630361116870696,0.40688682015491484,1.1070599769179328,0.12229126005564443,0.24401107048442552,0.5072547742665624,0.185540522353548,0.23633755944142026,0.32642310216619363
4.651151151151152,0.2961832968122128,1.0966056285792245,3.9367994953590273,0.13604380928757925,0.3962491914220646,1.1044903094268679,0.12213985025904467,0.24478204587807034,0.5066512438991196,0.18545545573600333,0.23598786560677226,0.32584628328535636
4.655405405405405,0.29547016461995534,1.0947744593217237,3.92841021138893,0.1357253102248099,0.40794026826719615,1.1019206419358034,0.12198844046244493,0.2448665014495614,0.5060107119104388,0.18536943155434307,0.23563817177212432,0.3252694644045192
4.65965965965966,0.2946262156186886,1.0929611644649841,3.92002092741883,0.13540681116204054,0.4195915039012239,1.0993509744447385,0.12183703066584517,0.2444317928510661,0.5052960802501323,0.18519705248387158,0.2352884779374763,0.324692645523682
4.663913913913914,0.293782266617422,1.0909826434791372,3.9116316434487306,0.13508831209927114,0.4117484159711795,1.0967813069536734,0.12168562086924539,0.24399708425257077,0.5045814485898259,0.185016955130194,0.23494795319131453,0.32410669705854034
4.668168168168169,0.2929383176161553,1.088725163503456,3.903242359478631,0.13476981303650176,0.400764672788039,1.094181958639323,0.12150708769221337,0.24356413945005778,0.5038668169295194,0.1848368577765164,0.2346548644857757,0.3234588084477622
4.672422422422423,0.29209436861488863,1.0864676835277751,3.8957478140959867,0.13449090855776952,0.3973328621605342,1.0914169469024766,0.12132842094304194,0.2431312240047261,0.503152185269213,0.1846567604228388,0.23437522542702882,0.3228876243720492
4.676676676676677,0.29125041961362214,1.0842102035520944,3.8882705775918707,0.13429793342897042,0.4033619447617617,1.0886519351656307,0.12114975419387057,0.24269830855939453,0.5024026685305929,0.1844756592889673,0.23409558636828198,0.3223171566851977
4.6809309309309315,0.29000852103536545,1.0809575678330021,3.8807933410877538,0.13410495830017127,0.408898100446048,1.0858869234287845,0.12098129607496255,0.24226539311406287,0.50156294393421,0.1843271706904594,0.2338159473095351,0.32174668899834613
4.685185185185185,0.28882970199938396,1.076990319291952,3.873316104583638,0.13389074913032512,0.3978428784438883,1.0831219116919386,0.12082731034050326,0.24183247766873128,0.5007232193378273,0.1860341558466475,0.23353630825078825,0.3211899205993115
4.68943943943944,0.28765088296340235,1.0721349137328848,3.8658388680795213,0.13340171228544806,0.3867876564417263,1.079446431733996,0.12069975142157116,0.23979824548203738,0.49988349474144433,0.18738011847155428,0.23325666919204138,0.3208173289003307
4.693693693693694,0.28647206392742064,1.0672795081738176,3.8467362262564677,0.13281825353976134,0.3890744352243576,1.0745834287044624,0.12057401738423287,0.2374234080516206,0.4990437701450614,0.18631893237917618,0.23297703013329452,0.3205595330828184
4.697947947947949,0.2852932448914389,1.0624241026147505,3.8265716874093507,0.1319014875813176,0.39955885386433493,1.0702256933255792,0.12044828334689459,0.2354148493823054,0.49822935286904735,0.18525944509615355,0.23269739107454762,0.3203108682368232
4.702202202202203,0.28488497029001353,1.0592053532084107,3.812474316264116,0.1309847216228738,0.4050069841117875,1.0639265696405356,0.1203225493095563,0.23340629071299013,0.4975097913181198,0.18557988156991884,0.23241775201580073,0.320062203390828
4.706456456456457,0.2845742118002961,1.057337524170149,3.8092453282540752,0.13006795566443025,0.39086703079460083,1.0587532822760495,0.12019681527221804,0.23136082520393889,0.4967902297671925,0.18714044372122446,0.2321381129570539,0.3198135385448329
4.7107107107107105,0.28426345331057856,1.0574919019071989,3.8060163402440343,0.12918023073486667,0.3757957893241358,1.0531603454925718,0.12004868875851848,0.22930521594385317,0.49606141675362314,0.18870100587253008,0.23185847389830708,0.3195648736988378
4.714964964964965,0.28395269482086094,1.0576462796442485,3.802787352233992,0.1283114471096739,0.37835974786807425,1.045614030819214,0.11989667252331111,0.22736630466139474,0.4953272306859734,0.186383641293204,0.2315788348395602,0.3193162088528426
4.7192192192192195,0.28364193633114343,1.0578006573812981,3.7995583642239503,0.12744266348448108,0.3855795275207131,1.0380677161458562,0.11974465628810374,0.2258236291010994,0.49459356241837055,0.1836299712134815,0.23127303627786797,0.31895367774990807
4.723473473473474,0.28292264970021996,1.0559774331875873,3.7956418546970436,0.1265738798592883,0.38148211733330517,1.0305214014724982,0.11959264005289638,0.22428095354080407,0.49386394329915784,0.18297512906954483,0.23089687871482378,0.3183699094807023
4.7277277277277285,0.2820948615321892,1.0526099386423398,3.7899188494347795,0.12570509623409548,0.3619336912532103,1.0229750867991405,0.11944062381768902,0.2233316057922804,0.4931343241799451,0.18447102860219838,0.2305177088742792,0.3176012735367535
4.731981981981982,0.2812670733641587,1.0480060363012056,3.7841958441725168,0.12504947245901413,0.3596881590323068,1.0161768968695786,0.11933562166470302,0.2226704817460361,0.49243728793782515,0.18670581736347341,0.23013853903373466,0.3168326375928049
4.736236236236237,0.28055745975273017,1.045391080592543,3.7784728389102527,0.12461044570574262,0.35748934144567934,1.013039168580505,0.1192323612240653,0.22203320161040307,0.4917699093084046,0.1863663032222958,0.22975936919319007,0.3160640016488561
4.74049049049049,0.2799237301457125,1.0427761248838807,3.77274983364799,0.12417141895247119,0.37586891495789687,1.009901440291432,0.1191222649469481,0.22157735815824942,0.49110253067898413,0.18462893094931077,0.22938019935264553,0.3153193447848731
4.744744744744745,0.2792146947397853,1.0401611691752182,3.7667843334908535,0.1237323921991997,0.38120666270549325,1.0072640994137363,0.11901216866983086,0.22109163398910237,0.49043923071109197,0.18289774992642216,0.2290010295121009,0.3146386527131614
4.748998998998999,0.27846825848885665,1.0375451662651871,3.759456050369274,0.12334309496016652,0.37398519961302334,1.0085156032750555,0.11890207239271364,0.22136455245062123,0.4897759552794244,0.1823496037219448,0.2286218596715563,0.31402219093676254
4.753253253253254,0.277721822237928,1.0343288497210563,3.7521277672476954,0.12296582576128319,0.3720667433140131,1.009623434952856,0.1187919761155964,0.22223989985125714,0.4891083919430392,0.1822437105269188,0.2282426898310117,0.3134057291603637
4.7575075075075075,0.27697538598699956,1.0320248199988868,3.7458790555795014,0.12230767550937499,0.3995568812419462,1.0067763709933786,0.11868187983847919,0.22310782413509322,0.48843418455242715,0.18211158193594862,0.22786351999046717,0.31278926738396495
4.761761761761762,0.27622894973607093,1.0298196926575858,3.741219432978925,0.12164952525746667,0.42027611226601524,1.0039293070339004,0.11856830526987652,0.22251768967232516,0.487759977161815,0.18197945334497845,0.22748435014992258,0.31214925412413663
4.7660160160160165,0.2757787671702991,1.0276145653162845,3.736576922421676,0.12099137500555832,0.41329149649791025,0.9983188529232501,0.11837071057629883,0.2219275552095571,0.48699694704242613,0.18184732475400825,0.22710518030937799,0.3113967986753178
4.770270270270271,0.2755980473813857,1.0254094379749834,3.7360097016457967,0.12033322475364999,0.3837281035994047,0.9917814087184438,0.11817311588272113,0.22092308066281713,0.48621838715733323,0.18509711684893423,0.22672601046883334,0.31051437406564425
4.774524524524525,0.27541732759247245,1.0248107776903714,3.735442480869918,0.11972246544461307,0.3646782790557871,0.9852439645136386,0.11797552118914346,0.2194084278238529,0.48543724678446554,0.19194981926296184,0.22642862308121003,0.30963194945597095
4.778778778778779,0.2752366078035591,1.0241258731461818,3.7348752600940394,0.11929041173702627,0.3700478391251386,0.9805403628218687,0.11777792649556576,0.21789377498488835,0.48464780729697926,0.19800219656061063,0.22626008996362368,0.3088173148207015
4.783033033033034,0.27505588801464576,1.0233142262197026,3.7343080393181607,0.11885835802943948,0.3754173991944901,0.9760904733087881,0.11758033180198807,0.2169964574472069,0.483858367809493,0.19797427982480117,0.22609155684603732,0.308172672459534
4.787287287287287,0.2747888911473704,1.0225025792932239,3.7337408185422825,0.11842630432185276,0.3647512091682867,0.9726663474870506,0.1174293603376132,0.21617235338138996,0.4831466550977115,0.19788185032850503,0.22592302372845102,0.3079075724788993
4.791541541541542,0.27425360794373244,1.021690932366745,3.7318400890099213,0.11799425061426597,0.3521717316276147,0.9699835650319579,0.11730305450550514,0.21578001096229527,0.48247102276196596,0.1977894208322089,0.22575449061086467,0.30764247249826465
4.795795795795796,0.27367606390066285,1.0204632945986307,3.7296730635257545,0.11756390933709074,0.36049494022579,0.9673007825768654,0.11718136203571793,0.2162367904444735,0.48179465473959515,0.19769808794149074,0.2255859574932783,0.30737737251763
4.80005005005005,0.27309851985759337,1.0182207691687606,3.7275060380415885,0.11718821108333044,0.3915883749021133,0.9649358356832645,0.11705966956593074,0.21673379993493175,0.48110611531241143,0.19761559116799027,0.225417424375692,0.30711227253699536
4.8043043043043046,0.27252097581452384,1.0153494801920147,3.7253390125574217,0.11681424917263844,0.4053899565656121,0.9627093369454847,0.11693797709614352,0.21700407498179625,0.4804175758852276,0.19688459174391498,0.22524889125810565,0.3068471725563606
4.808558558558559,0.27187641581380795,1.012478191215269,3.7215652036122746,0.11644413830561244,0.40409606346848087,0.9605715190759785,0.11678172784560811,0.21720965259594063,0.47967933674684127,0.19112278561079776,0.2250803581405193,0.3065277891447371
4.812812812812814,0.2708884625116672,1.009606902238523,3.7089664948099026,0.11607402743858644,0.3979559007059064,0.9585727599022618,0.11660943850438288,0.2172506370764049,0.47888991026647376,0.18646323385150798,0.22491182502293294,0.30619649719864483
4.817067067067067,0.2699005092095267,1.0060759373088866,3.694652840274551,0.11570391657156051,0.38959076924565705,0.9565740007285455,0.11643714916315767,0.2167270328931,0.4781004837861065,0.1848438421536609,0.22474329190534664,0.30586520525255256
4.821321321321322,0.2689125559073859,1.0027683089121484,3.680339185739196,0.11516932803011806,0.382817931904319,0.9539581255293683,0.11626485982193244,0.21620342870979498,0.4773453462540648,0.1832251361795902,0.2245747587877603,0.3055339133064602
4.825575575575576,0.26792460260524514,1.0011769428342623,3.6734985247099696,0.11460018302717202,0.369148248692921,0.9507056363997644,0.1160925704807072,0.21497516714207865,0.47659605304975916,0.18214204343690457,0.22440622567017393,0.3052026213603679
4.82982982982983,0.26693664930310457,0.9995855767563766,3.668409782510357,0.1140310380242261,0.3335192240818807,0.9472802860399211,0.11595653425643077,0.2133984159871558,0.47596502502911386,0.18135758340172786,0.22419319287187633,0.30491353737587845
4.834084084084084,0.2666795595202135,0.9979942106784906,3.666149029287444,0.11346189302128004,0.3313105959939786,0.9430359133094383,0.11586151646631099,0.2120966293835928,0.47564115408714264,0.1805475966405487,0.2239060156852993,0.30465175363568653
4.838338338338339,0.2664642723393771,0.9970003425909031,3.6656264193025816,0.11289274801833399,0.33008282471796013,0.9387915405789554,0.11576649867619121,0.21297646348404764,0.47531728314517147,0.17949736685800005,0.22361883849872227,0.304359982770741
4.842592592592593,0.2662489851585407,0.9976261812347105,3.665103809317719,0.11247723871412842,0.3281842182970007,0.9348885090229907,0.11567148088607146,0.21385629758450228,0.47499822178345397,0.17936602852811345,0.22333166131214532,0.30400031080516987
4.846846846846847,0.2661399719065185,0.9969993723854806,3.6645811993328565,0.11216430286225484,0.3262038604245489,0.931937760146486,0.11558437965537119,0.21375402575684527,0.4746820130788293,0.17920627426078634,0.22304448412556827,0.30364063883959874
4.851101101101102,0.2660782834074171,0.9963725635362508,3.664058589347994,0.11185136701038124,0.324801110824195,0.9289870112699812,0.11548821036266889,0.21287298926361659,0.4743658043742045,0.17904651999345922,0.22275730693899126,0.3032809668740276
4.855355355355356,0.2653630912404571,0.995745754687021,3.662709244725189,0.11153843115850766,0.3235092067170704,0.9271902923910671,0.11535374979615953,0.212010870222691,0.47404959566957977,0.1788867657261321,0.22247012975241423,0.30292129490845643
4.85960960960961,0.2643754542835094,0.9951181164396912,3.65830804219439,0.11124627581595722,0.322217302609946,0.9254753558086306,0.1152192892296502,0.21191241246967363,0.4737333869649551,0.17872701145880504,0.22218295256583726,0.30256162294288536
4.863863863863864,0.2634325413976789,0.9931127347649232,3.6539456474827916,0.11100424456253295,0.32136823378709106,0.9237628808939626,0.11508482866314085,0.21181395471665626,0.47324332185648355,0.17856725719147792,0.22189577537926025,0.30215386760413154
4.868118118118119,0.2630281637661801,0.9915264771709086,3.649583252771193,0.11073123350609565,0.3207661911714873,0.9222620910594677,0.11495036809663148,0.2112779969963739,0.4725020525572219,0.17853748876129885,0.2216085981926832,0.3017293324760396
4.872372372372372,0.2626237861346814,0.9899997580554152,3.645220858059595,0.11045822244965839,0.320089454548957,0.920761301224973,0.11481590753012216,0.21020002817408756,0.47176078325796034,0.1785108199397837,0.22132142100610624,0.30130479734794774
4.876626626626627,0.2622194085031826,0.9884730389399217,3.640858463347996,0.11018521139322109,0.3193623689353384,0.9192638676565811,0.11470628784660991,0.20912205935180095,0.4710195139586987,0.1784811482715543,0.2210342438195292,0.30088026221985575
4.8808808808808815,0.2618150308716838,0.9869463198244279,3.6394455044092244,0.10991220033678378,0.3285401018128798,0.9177680825217753,0.1145974829772598,0.21013734915944998,0.470278244659437,0.17845070355317172,0.22074706663295218,0.3004557270917638
4.885135135135135,0.2614106532401851,0.9850034110346719,3.6391323905529496,0.10962920945389301,0.3620043607667881,0.9162722973869699,0.11448867810790973,0.21141200489863776,0.4695641747401764,0.17842025883478912,0.2204823494850629,0.3000019938067021
4.88938938938939,0.26109882344626895,0.9831845810964881,3.6388192766966747,0.1092177498511402,0.3552165485872235,0.914052574131123,0.11437987323855964,0.21179590435683465,0.46902215880324777,0.17838981411640653,0.22027452054059993,0.29951504894596914
4.893643643643644,0.26081027842338966,0.9816662352602671,3.6385061628404003,0.1088062902483874,0.33537287092553425,0.911569568763929,0.11427106836920954,0.2103944744506991,0.4684801428663191,0.1783593693980239,0.22006851783150963,0.2990365125801439
4.897897897897899,0.26052173340051044,0.9813996894945187,3.638193048984125,0.1083948306456346,0.3235284990589622,0.9088733642794489,0.11399762171333264,0.20899304454456358,0.4679381269293905,0.1783308600559755,0.2198625151224194,0.2986094210147686
4.902152152152152,0.260210616303434,0.9811331437287705,3.637880724238329,0.10798337104288189,0.3277521193495462,0.9058338837904154,0.11348452477051317,0.20649123627188362,0.46739611099246203,0.1782186859061083,0.21965651241332912,0.2981823294493933
4.906406406406407,0.2598775770361416,0.9808665979630222,3.6358047541678498,0.10757191144012908,0.33197573964013105,0.9027944033013813,0.11285244209062137,0.20367665014385336,0.4668540950555333,0.17810651175624104,0.21945050970423888,0.297766767648298
4.910660660660661,0.2595176832091952,0.979848388973021,3.6337287840973707,0.10737935795910669,0.3100951157788884,0.9004474363087943,0.11222035941072955,0.20089564483217734,0.4653254093155362,0.1779943376063738,0.21924450699514858,0.29740744013500564
4.914914914914915,0.25913072402361315,0.977033667724306,3.631652814026892,0.10725188828850712,0.3084984769467415,0.8990104496784574,0.11158827673083788,0.1992264828145564,0.46360318667562356,0.1778821634565066,0.21903850428605837,0.2970481126217134
4.9191691691691695,0.2587437648380311,0.9737774961671006,3.629576843956413,0.10717328479875315,0.30809562416910974,0.897667214807885,0.1109683577114277,0.1975573207969351,0.4618809640357106,0.17776952471033702,0.2188325015769681,0.296688785108421
4.923423423423424,0.2583568056524489,0.9714298642052104,3.6243382852480686,0.10709468130899918,0.3083338811436651,0.897573834400871,0.11036900280648683,0.19754005222354823,0.46015874139579765,0.17599219802974664,0.21862649886787783,0.29632945759512863
4.9276776776776785,0.2579698464668668,0.9696786933317934,3.6124264052563566,0.10701607781924521,0.32756552396470884,0.897480453993857,0.10976964790154595,0.19835642391835068,0.45843651875588465,0.17754134901806667,0.21842049615878756,0.29597013008183626
4.931931931931932,0.25756470640144885,0.9679275224583765,3.6005145252646473,0.10686553359718576,0.3251892601555628,0.8973246140414266,0.10917029299660522,0.1991258087471206,0.4567062410684785,0.177427328570473,0.21821449344969734,0.2956127103179339
4.936186186186187,0.2570725881197967,0.9661763515849593,3.592979321188759,0.10662651359239092,0.3228129963464164,0.8966459546451777,0.10857093809166435,0.19951662248752405,0.4549701413777829,0.17731330812287927,0.21800849074060707,0.2952549253841197
4.940440440440441,0.25658046983814453,0.9644306283078058,3.5879578885449197,0.10638749358759605,0.3431709302062135,0.8959672952489288,0.10798315969283451,0.19990743622792756,0.4525510877688188,0.17719928767528553,0.21778770328081865,0.29487176104806057
4.944694694694695,0.25608835155649246,0.9630990704389614,3.5829364559010823,0.10614847358280127,0.3733172180329407,0.8947354679544959,0.10771225862864615,0.19981639069260543,0.44959989752534846,0.17709724072167532,0.2175131758167662,0.2944885967120015
4.948948948948949,0.2555962332748404,0.9627337939428174,3.581407163687528,0.10590945357800641,0.3727798473524355,0.8933025800910724,0.10744135756445775,0.1993366612449098,0.44664870728187744,0.17701644147949092,0.21722584575512782,0.29410543237594233
4.953203203203204,0.2551041149931882,0.9623685174466734,3.5811452380015556,0.10566421257096353,0.370101544743681,0.891869692227649,0.10717045650026932,0.1988569317972142,0.4439779678016983,0.17693564223730646,0.2169385156934894,0.2936815252483711
4.9574574574574575,0.25487277941762876,0.9620032409505294,3.5821456250464454,0.10536207700339863,0.35028713870490824,0.8901525271081929,0.10694323177613355,0.1972662971681522,0.442757510581255,0.17685484299512205,0.21665118563185104,0.2932134129756082
4.961711711711712,0.25466275075140715,0.9617142923173045,3.5863692785055745,0.10505994143583366,0.35347114410002867,0.8883432193128987,0.1068522886180043,0.19567491207349336,0.44153705336081145,0.17677404375293765,0.21636385557021262,0.29271995930119815
4.9659659659659665,0.2544527220851855,0.9622779449108436,3.5905929319647036,0.10466551625251941,0.360393135719468,0.8865381795673268,0.1065294370021758,0.19488623966772226,0.4406270684158571,0.1766908115408515,0.2160765255085742,0.2922265056267881
4.970220220220221,0.2542426934189638,0.9611545557465822,3.589336431800467,0.10422686740104488,0.3534321547670597,0.8847403372345075,0.10609512274996738,0.19520154046767824,0.4401512889172421,0.1765736270321282,0.21578919544693578,0.2917330519523781
4.974474474474475,0.2540326647527422,0.9599080459487945,3.5786632076180895,0.10378821854957043,0.3291045613563055,0.8829424949016885,0.10566080849775902,0.19551684126763416,0.4396755094186271,0.17645644252340492,0.21550186538529742,0.2912395982779682
4.978728728728729,0.2536569167919942,0.9586615361510066,3.56798998343571,0.10349542841610848,0.30597687437336674,0.8815115335111627,0.1052264942455506,0.19506656138765732,0.4379498424526572,0.17633925801468162,0.215214535323659,0.2907596911129221
4.982982982982984,0.2530763107712982,0.9574150263532185,3.560409738033438,0.10329291356746834,0.32291973922919925,0.8806786199349041,0.10479217999334217,0.1945173184360548,0.43589042542557865,0.1762220735059583,0.21492720526202058,0.29033154832458563
4.987237237237237,0.2524957047506024,0.9554010049228037,3.556324248085734,0.10323553755005171,0.34004288910620595,0.8798457063586458,0.10440531293215558,0.1943716905007205,0.43383100839850053,0.17610579682783808,0.21463987520038222,0.28990340553624916
4.991491491491492,0.2519150987299065,0.9536682220060414,3.5522387581380306,0.10317816153263507,0.33694745013753746,0.8786530766274134,0.10413404225086116,0.19504057439142594,0.43177159137142196,0.17599693182831005,0.2143525451387438,0.28947526274791263
4.995745745745746,0.2513344927092105,0.9524489898624564,3.548153268190326,0.10312078551521844,0.3210618026601556,0.8774549598474477,0.10386277156956675,0.19570945828213138,0.42971217434434344,0.17588825352549492,0.2140652150771054,0.2890471199595761
5.0,0.2507492295247419,0.9512297577188717,3.5440677782426233,0.10304209425469557,0.31175834295605265,0.8764671664599087,0.1035915008882724,0.19464034901432242,0.42795027499068833,0.17577957522267978,0.21382742072399838,0.28861897717123963
